Rank,Player Name,Combined Rating,Seasons Played,S8 Rating,S11 Rating,S12 Rating,Consistency Bonus %,Division Avg Score,All Names Used
1,CHUDMAXXING,311.68,S11+S12,,733.20,79.29,35,9.0,"CHUDMAXXING, LUMI"
2,Anteatter,291.33,S11,,863.20,,35,10.0,Anteatter
3,Bleachh,286.34,S11+S12,,629.20,91.34,35,9.0,Bleachh
4,BrodE,285.71,S11+S12,,544.70,125.78,35,10.0,BrodE
5,acb,284.21,S11+S12,,506.35,139.90,35,9.0,"acb, seeby"
6,Lau,256.17,S11+S12,,386.10,155.39,35,10.0,Lau
7,lum,234.02,S11+S12,,549.90,59.79,35,9.0,"lum, lumdum"
8,twitch.tv/kozmohs,205.12,S11,,607.75,,35,10.0,twitch.tv/kozmohs
9,NC Kahzïne,204.35,S11+S12,,393.90,88.16,35,9.0,"NC Kahzïne, MOTL Kahzïne"
10,VENGER_YT,204.30,S12,,,252.23,35,10.0,VENGER_YT
11,Zboy5z5,203.89,S11+S12,,349.05,106.28,35,10.0,Zboy5z5
12,Kevin,200.92,S12+S8,139.00,,213.30,35,10.0,Kevin
13,eidolon,199.20,S11+S12,,296.40,122.43,35,9.0,eidolon
14,DarkApex,196.09,S11+S12,,386.75,123.04,15,8.0,DarkApex
15,spaceman,194.81,S11+S12,,423.80,63.93,35,9.0,"Omnipotene, spaceman"
16,Mysteryz,194.09,S11+S12,,186.55,161.89,35,9.5,Mysteryz
17,TNL_Colt,192.17,S11,,569.40,,35,10.0,TNL_Colt
18,wattsonswittlepuppywoof,184.72,S11+S12+S8,188.00,119.60,131.22,35,9.5,"BACKSP4CEッ, wattsonswittlepuppywoof, garbunk"
19,TheCoolPanda_,176.82,S12,,,218.29,35,10.0,TheCoolPanda_
20,PureAqua | ExE?,174.91,S11+S12+S8,124.00,285.35,103.60,15,8.0,"PureAqua | ExE?, xXx"
21,Zaphyツ,173.75,S11,,514.80,,35,10.0,Zaphyツ
22,wawzi,171.04,S11+S12,,169.00,140.74,35,9.5,"wawzi, waz ee"
23,Dvpaper,165.14,S11+S12,,399.75,72.77,15,7.0,Dvpaper
24,Dare,163.91,S11,,596.05,,10,6.0,"DareOGK on Twitch, Dare"
25,DH_Soda,163.55,S11+S12,,293.80,79.50,35,9.0,"DH_Soda, LVS_Soda"
26,0ptical,162.21,S11+S12,,291.85,78.66,35,9.0,0ptical
27,XEL Decimation,162.18,S12,,,200.23,35,10.0,XEL Decimation
28,BF Kaidostreams,160.86,S11+S12,,330.85,60.73,35,9.0,"A Big Ahh Turd, BF Kaidostreams"
29,An7,158.83,S11+S12,,309.40,67.17,35,9.0,An7
30,OzWaldo,157.07,S11,,465.40,,35,10.0,OzWaldo
31,XEL iklipsa,156.92,S12,,,193.73,35,10.0,XEL iklipsa
32,Shouli,155.31,S11+S12,,395.85,60.15,15,8.0,Shouli
33,BigBen,151.64,S12+S8,258.00,,165.26,10,6.0,"BigBen, BigBen1248"
34,ejustice74,151.04,S12+S8,239.00,,126.72,35,10.0,ejustice74
35,Dijaii,150.62,S12,,,185.95,35,10.0,Dijaii
36,Hova,150.32,S12+S8,232.00,,169.76,10,6.0,Hova
37,xestefy_,149.50,S12+S8,149.00,,147.31,35,10.0,"xestefy_, ESTEFY"
38,PZ2A,147.76,S11+S12,,82.55,189.48,10,5.5,"Astris86, PZ2A"
39,kraag,146.09,S11+S12+S8,152.00,46.80,122.86,35,9.0,"kraag, Moolboyrk, Kryo"
40,CapybarasGoRAWRR,145.35,S12,,,179.45,35,10.0,CapybarasGoRAWRR
41,LeaderOfTheBees,143.91,S11,,426.40,,35,10.0,LeaderOfTheBees
42,cxedt on all platforms,143.18,S12,,,176.77,35,10.0,cxedt on all platforms
43,Todo_apex,141.28,S11,,418.60,,35,10.0,Todo_apex
44,@YoJokerz,139.25,S11+S12,,56.55,148.35,35,9.0,@YoJokerz
45,Almanymede,138.85,S11+S12,,276.90,85.86,15,7.0,Almanymede
46,Bvtterr,135.66,S11+S12,,224.90,73.78,35,9.5,Bvtterr
47,NØKK,135.29,S11+S12+S8,124.00,272.35,51.60,15,8.0,NØKK
48,ColedColedWorld,135.24,S12+S8,239.00,,107.22,35,10.0,ColedColedWorld
49,maufctr,131.35,S11+S12,,278.20,74.44,15,8.0,"maufctr, mauシ"
50,Zimm,131.16,S11+S12+S8,141.00,33.80,140.75,15,8.0,"Zimm, ジム, ジマー"
51,PZ1A,129.84,S12+S8,289.00,,124.48,10,5.0,"FairestOne617, PZ1A"
52,Nopes Ropes,129.17,S12+S8,209.00,,107.22,35,10.0,Nopes Ropes
53,cudi,128.87,S11+S12,,239.85,59.16,35,9.0,cudi
54,goodlookingsean,123.12,S11+S12,,265.20,67.94,15,8.0,goodlookingsean
55,kat,122.55,S12+S8,298.00,,76.80,35,10.0,kat
56,Lui,120.95,S12,,,149.32,35,10.0,Lui
57,TTV iXM1kos,120.95,S12,,,149.32,35,10.0,TTV iXM1kos
58,PettyPenguin39,120.65,S12,,,174.85,15,8.0,PettyPenguin39
59,priiznn,119.26,S12,,,147.24,35,10.0,priiznn
60,JuiceboxSlays,117.11,S12+S8,141.00,,150.64,5,3.0,"JuiceboxSlays, JuiceboxSlays (washed)"
61,PGK,115.32,S11+S12,,287.95,47.15,15,8.0,PGK
62,ChubbyChinchilla8,115.30,S12,,,142.35,35,10.0,ChubbyChinchilla8
63,shueisha,114.68,S12+S8,320.00,,93.76,10,6.0,shueisha
64,Xyrosec,114.53,S12+S8,136.00,,107.40,35,10.0,Xyrosec
65,@WB_Killua,114.47,S12,,,165.90,15,8.0,@WB_Killua
66,PureAqua | Ltto,114.36,S11+S12+S8,124.00,246.35,32.10,15,8.0,"PureAqua | Ltto, Ltto., NRG ltto."
67,Deetray,114.08,S11,,338.00,,35,10.0,Deetray
68,KindlyMonkey,114.00,S12+S8,298.00,,106.45,5,4.0,"OniHeishiVT, KindlyMonkey"
69,goddamnironman,111.71,S12+S8,232.00,,111.26,10,6.0,goddamnironman
70,t,111.70,S12,,,161.89,15,8.0,"stoopu doopu, t"
71,Hun7er_TV,111.55,S12,,,137.72,35,10.0,Hun7er_TV
72,Jakoby,111.22,S11,,329.55,,35,10.0,Jakoby
73,Noxums,110.58,S11+S12+S8,189.00,80.60,55.68,35,9.0,Noxums
74,Penguinii,108.09,S11+S12,,188.50,78.10,15,7.5,Penguinii
75,ImSh1ny,107.23,S12+S8,237.00,,73.14,35,10.0,ImSh1ny
76,NickCageTheDickMage,106.43,S12,,,154.25,15,8.0,NickCageTheDickMage
77,Cezr,106.03,S12+S8,293.00,,87.40,10,6.0,Cezr
78,ARI!,105.70,S11+S12,,317.20,21.02,15,8.0,"Gas Daddy, ARI!"
79,JEK,105.58,S12+S8,127.00,,128.23,10,5.0,JEK
80,GRO gLow,105.32,S12+S8,433.00,,51.32,10,5.0,GRO gLow
81,SnoZizzle | Twitch,105.16,S12,,,129.82,35,10.0,SnoZizzle | Twitch
82,unix._,104.78,S12+S8,102.00,,133.26,10,6.0,"unix._, Unix_IRL"
83,Freak Newcastle,103.72,S12+S8,557.00,,25.38,5,4.0,"Freak Newcastle, Frank Newcastle"
84,:O,103.65,S12+S8,149.00,,119.80,10,5.0,:O
85,bradyvision,103.39,S12+S8,431.00,,48.90,10,5.0,bradyvision
86,caro,102.70,S11+S12+S8,120.00,119.60,69.01,15,8.5,"amon, caro"
87,Hovas Fav Teammate,102.18,S12+S8,349.00,,67.57,10,5.0,"Hylandbound, Hovas Fav Teammate"
88,TremblingTarantula43,99.51,S12,,,122.85,35,10.0,TremblingTarantula43
89,HaKobo,99.40,S12+S8,239.00,,98.03,5,4.0,HaKobo
90,ImTheBigFork,98.56,S12+S8,111.00,,121.59,10,5.0,ImTheBigFork
91,DRIP_itsyoboigothy,97.97,S12,,,120.95,35,10.0,DRIP_itsyoboigothy
92,Lastcall,97.00,S11+S12,,286.65,21.15,15,8.0,Lastcall
93,PALMS,96.87,S11+S12+S8,270.00,21.45,77.32,5,4.5,"SOAK Wobbla, SOAK Palms, PALMS"
94,Coveted Yams,96.86,S12+S8,194.00,,98.26,10,6.0,Coveted Yams
95,@rbv_sk8ter,96.73,S12,,,119.43,35,10.0,@rbv_sk8ter
96,Galahad,96.73,S12,,,119.43,35,10.0,Galahad
97,Fartman,96.30,S12+S8,208.00,,93.90,10,6.0,Fartman
98,zourafa12,95.97,S12+S8,370.00,,59.84,5,4.0,zourafa12
99,DH_Turtle Guy,95.97,S11+S12,,202.80,54.59,15,7.5,"LVS_TurtleMan, DH_Turtle Guy"
100,FlareNotFlair,95.87,S11,,284.05,,35,10.0,FlareNotFlair
101,hazelnut,95.72,S12,,,145.03,10,5.0,hazelnut
102,kane.,95.22,S12,,,138.00,15,8.0,kane.
103,hyper o7웃,95.02,S11+S12,,33.80,129.88,10,6.0,"hyper o7웃, hyper o7"
104,reverie,94.58,S12,,,143.31,10,6.0,reverie
105,AiymAPotato,93.63,S12+S8,327.00,,60.11,10,6.0,AiymAPotato
106,Dusterbia,93.63,S12+S8,327.00,,60.11,10,6.0,Dusterbia
107,B Tier,92.98,S12,,,134.75,15,8.0,B Tier
108,Crash,92.94,S12+S8,228.00,,83.82,10,5.0,Crash
109,TwelveGage,92.50,S12+S8,180.00,,95.15,10,5.0,TwelveGage
110,@Mootzel,92.02,S12+S8,166.00,,104.56,5,3.0,"@Mootzel, Mootzel"
111,twitch.tv/apguapo,91.72,S12+S8,110.00,,105.43,15,8.0,twitch.tv/apguapo
112,Raz,91.05,S12+S8,120.00,,107.95,10,5.0,Raz
113,AllieFPS | Twitch,90.75,S11+S12,,149.50,49.74,35,9.5,AllieFPS | Twitch
114,BF Durxy,90.68,S11+S12,,107.25,86.73,15,8.5,"Durxy, BF Durxy"
115,Oshe,90.47,S12+S8,317.00,,57.82,10,5.0,Oshe
116,DaS8157,90.01,S12+S8,225.00,,80.13,10,6.0,DaS8157
117,mIsTer_gAbRielLL,88.57,S12,,,109.35,35,10.0,mIsTer_gAbRielLL
118,XZL FireDragon,88.40,S12,,,109.13,35,10.0,XZL FireDragon
119,@ArtemisGG_,87.99,S12+S8,167.00,,91.56,10,6.0,@ArtemisGG_
120,LAZY3D,87.75,S11,,260.00,,35,10.0,LAZY3D
121,iLehr,87.20,S12,,,126.38,15,8.0,iLehr
122,TTV | TripleThreatG75,86.92,S12,,,131.70,10,6.0,TTV | TripleThreatG75
123,Uorax,86.74,S11+S12+S8,141.00,40.30,73.67,15,8.0,"旋風, Uorax"
124,G2theRiffin,86.63,S12+S8,150.00,,93.76,10,6.0,G2theRiffin
125,ZonkyWonky,86.52,S12,,,131.09,10,6.0,ZonkyWonky
126,Sydney,86.00,S12,,,130.31,10,6.0,Sydney
127,CF: TTV-ParcifalOg1,84.86,S12+S8,232.00,,70.57,10,5.0,"CF: TTV-ParcifalOg1, DWE Parcifal"
128,alphabet,83.94,S12,,,127.19,10,5.0,alphabet
129,Kulutch,83.66,S12,,,126.76,10,6.0,Kulutch
130,Fent Gorilla,83.57,S12,,,126.63,10,6.0,Fent Gorilla
131,Jack,82.76,S12+S8,98.00,,100.90,10,5.0,Jack
132,shxde,82.74,S12,,,119.92,15,8.0,shxde
133,Potter,82.18,S12+S8,135.00,,90.77,10,6.0,Potter
134,uFears,81.92,S12+S8,189.00,,76.87,10,5.0,uFears
135,HA1L RG3,81.84,S12+S8,146.00,,87.49,10,5.0,HA1L RG3
136,delli,80.94,S12,,,99.93,35,10.0,delli
137,isTauu,80.89,S11+S12,,221.00,30.48,10,6.0,"uhPrxzn, isTauu"
138,Groliver86,80.24,S12+S8,307.00,,44.82,10,5.0,Groliver86
139,BrandoCommando,80.07,S11,,237.25,,35,9.0,BrandoCommando
140,ryuu,80.00,S12,,,98.77,35,10.0,ryuu
141,swagrbatteleduty,79.35,S12,,,115.00,15,8.0,swagrbatteleduty
142,Baughty,78.93,S12+S8,239.00,,65.53,5,4.0,Baughty
143,MelonGoddess,78.58,S12,,,97.02,35,10.0,MelonGoddess
144,@z0mb_y0 | twitch tv,78.26,S12,,,118.57,10,5.0,@z0mb_y0 | twitch tv
145,ChosenSky,78.10,S11,,231.40,,35,9.0,ChosenSky
146,Dycoral,77.94,S12,,,118.09,10,6.0,Dycoral
147,WhySoSweatyy,77.89,S12,,,123.63,5,4.0,WhySoSweatyy
148,imCBITS,77.72,S11+S12+S8,109.00,1.30,95.57,5,4.5,imCBITS
149,Deadlysoos,77.68,S12,,,117.70,10,6.0,Deadlysoos
150,FTB | Hunkulesss,77.53,S12+S8,176.00,,79.06,5,4.0,FTB | Hunkulesss
151,TTV_BubbleJA,77.28,S12,,,112.00,15,8.0,TTV_BubbleJA
152,HotKnockz,77.14,S11+S12,,211.90,23.51,15,7.0,HotKnockz
153,xCopiumso,77.09,S12+S8,327.00,,40.61,5,4.0,"xThinkso, xCopiumso"
154,PZ3A,76.92,S12,,,111.48,15,8.0,PZ3A
155,kevin nguyen,76.70,S12,,,111.16,15,8.0,kevin nguyen
156,XZL fifiLilGuy,76.32,S12,,,115.63,10,6.0,XZL fifiLilGuy
157,CF Mango,76.11,S12+S8,231.00,,57.57,10,5.0,"CF Mango, DWE Mango"
158,MattyK3NG,75.45,S12+S8,278.00,,44.82,10,5.0,MattyK3NG
159,Aero,75.25,S12+S8,119.00,,84.27,10,6.0,Aero
160,WB_iMysticVortex,75.04,S12,,,92.64,35,10.0,WB_iMysticVortex
161,NightNight,75.01,S12+S8,295.00,,45.31,5,4.0,"NightNight.MLNT, NightNight"
162,Twitch.tv/Utterword,74.83,S12,,,113.38,10,5.0,Twitch.tv/Utterword
163,Saaaber,74.76,S12+S8,265.00,,47.02,10,6.0,Saaaber
164,rRekra,74.29,S12,,,107.66,15,8.0,rRekra
165,R A P T U R E,74.16,S11+S12,,157.30,41.94,15,7.5,R A P T U R E
166,Khaotic Yang,74.05,S12,,,112.20,10,6.0,Khaotic Yang
167,cookiebagels,73.70,S12,,,111.67,10,6.0,cookiebagels
168,Keko29FTW,73.15,S12+S8,95.00,,92.36,5,3.0,"Keko75FTW, Keko29FTW"
169,CF TTV Teach da youth,72.81,S12+S8,159.00,,70.57,10,5.0,"DWE TTV Teach Da Youth, CF TTV Teach da youth"
170,dizzyjavi,72.65,S12,,,89.70,35,10.0,dizzyjavi
171,OvP Diablo,72.60,S12,,,105.21,15,8.0,OvP Diablo
172,Zendikar,71.99,S12,,,109.07,10,5.0,Zendikar
173,F5 | Big Ab,71.74,S11,,212.55,,35,9.0,F5 | Big Ab
174,o7Dash,71.12,S11+S12,,55.90,64.52,35,9.0,"dash in retirement, o7Dash"
175,master splinter(deceased),70.87,S12+S8,179.00,,67.74,5,4.0,"rat musubi, master splinter(deceased), Rat King, King of Rats, jaundyy666"
176,the-optimistic-stoic,70.21,S12,,,101.75,15,8.0,the-optimistic-stoic
177,cashflow,70.07,S12,,,111.22,5,4.0,cashflow
178,EagleUSA,69.88,S12+S8,165.00,,69.67,5,3.0,EagleUSA
179,PRDX_Jokr,69.76,S12+S8,156.00,,71.73,5,4.0,PRDX_Jokr
180,Enderphor,69.72,S12+S8,164.00,,69.67,5,3.0,Enderphor
181,zegion,69.62,S11+S12+S8,188.00,85.15,23.00,10,5.5,zegion
182,Siimmplicity,69.60,S12,,,105.46,10,6.0,Siimmplicity
183,@BilliardHorn,69.34,S12+S8,152.00,,72.06,5,3.0,"@BilliardHorn, CG BilliardHorn"
184,yoosmik,69.24,S12,,,104.91,10,6.0,yoosmik
185,RBD yonewdaddy,69.18,S12+S8,153.00,,66.57,10,5.0,RBD yonewdaddy
186,Cyferzn,69.15,S11+S12+S8,137.00,25.35,55.40,15,8.0,Cyferzn
187,Cleos,68.56,S12,,,103.88,10,6.0,Cleos
188,LNC_Viper,68.29,S12+S8,199.00,,58.65,5,4.0,"LNC_Viper, RAGNA_Viper"
189,Goomba on a Roomba,68.13,S11+S12+S8,195.00,22.10,45.27,10,6.0,"PING CRUSADER, Goomba on a Roomba"
190,Double0negative,68.05,S12,,,84.02,35,10.0,Double0negative
191,Twitch Yoshema14,68.04,S12,,,103.10,10,5.0,Twitch Yoshema14
192,Rvo,67.76,S11+S12,,8.45,94.68,15,7.0,Rvo
193,trapskiii,67.71,S12,,,102.59,10,5.0,trapskiii
194,C°,67.70,S12,,,102.57,10,5.0,C°
195,Becka,67.42,S12+S8,145.00,,70.77,5,4.0,Becka
196,TH | Nick,67.28,S12+S8,269.00,,34.69,10,5.0,"TH | Nick, NickatNi7e"
197,EST Wattzz,66.94,S12+S8,134.00,,72.75,5,4.0,EST Wattzz
198,Axiom,66.78,S12,,,101.19,10,5.0,Axiom
199,Cherm,66.77,S12+S8,140.00,,70.98,5,4.0,Cherm
200,pat,66.71,S12+S8,176.00,,57.08,10,5.0,pat
201,ZeroGLHF,66.47,S12+S8,103.00,,56.31,35,10.0,ZeroGLHF
202,shmovinonya,66.45,S12,,,100.69,10,6.0,shmovinonya
203,@happyhour27,66.27,S12,,,100.40,10,6.0,@happyhour27
204,DH_EMPTheProto,66.03,S12+S8,192.00,,52.04,10,6.0,"Protogen Pawjob, DH_EMPTheProto"
205,StoneSpy946,65.36,S12+S8,176.00,,59.75,5,4.0,StoneSpy946
206,Truth,65.33,S11+S12+S8,120.00,67.60,36.51,15,8.0,Truth
207,LilDerpyy,65.13,S12,,,94.40,15,8.0,LilDerpyy
208,TheGunner2533,64.68,S12+S8,172.00,,54.99,10,5.0,TheGunner2533
209,Bungus Elite,64.65,S12+S8,142.00,,62.45,10,5.0,Bungus Elite
210,MOTL DduckyG,64.30,S12+S8,289.00,,29.81,5,3.0,MOTL DduckyG
211,THEOZINBOY,64.06,S11,,189.80,,35,9.0,THEOZINBOY
212,Twitch_MrNachoman,63.78,S12,,,92.43,15,8.0,Twitch_MrNachoman
213,xJusGavx,63.23,S12+S8,255.00,,32.06,10,6.0,"Gav.MLNT, xJusGavx"
214,Sangria,63.21,S12,,,100.33,5,4.0,Sangria
215,BakedPotato1213,63.18,S12,,,95.73,10,5.0,BakedPotato1213
216,SyruppWasTaken,62.93,S12,,,95.34,10,5.0,SyruppWasTaken
217,@WB_Mr. Wu,62.21,S12,,,76.80,35,10.0,@WB_Mr. Wu
218,XI PuGz,62.16,S12,,,94.19,10,5.0,XI PuGz
219,indigocross92,62.11,S12+S8,207.00,,46.84,5,4.0,indigocross92
220,chill guy kien,61.92,S12+S8,238.00,,38.78,5,4.0,chill guy kien
221,Swagmillion,61.41,S12,,,89.00,15,8.0,Swagmillion
222,Nannox,61.41,S12,,,75.81,35,10.0,Nannox
223,MannikTV,61.40,S12+S8,210.00,,40.53,10,5.0,MannikTV
224,SMZ Dragonite,61.27,S12+S8,199.00,,47.50,5,3.0,"SMZ Dragonite, find0utt_TTV, 100T sheppyk9"
225,Secrets™,61.11,S11+S12,,20.15,84.20,10,6.0,Secrets™
226,:)MrBr0janglessssTTV,61.07,S12+S8,128.00,,60.53,10,6.0,"OE_MrBr0jangless, MHM_MrBr0janglessTTV, :)MrBr0janglessssTTV"
227,Stitch,61.05,S12+S8,198.00,,43.01,10,5.0,"Hobojo, Stitch, muchmixture9"
228,imp,60.99,S12+S8,119.00,,62.65,10,5.0,"imp, impish"
229,phokkyu,60.73,S12+S8,135.00,,58.27,10,6.0,phokkyu
230,虎Tiger,60.64,S12,,,91.89,10,6.0,虎Tiger
231,blanK,60.58,S11+S12+S8,141.00,27.30,41.17,15,7.0,blanK
232,Goonther,60.48,S12+S8,97.00,,71.76,5,4.0,"mildly boof, Goonther"
233,FTB | SliceOfJAO,60.20,S12+S8,144.00,,59.56,5,4.0,FTB | SliceOfJAO
234,チ @Pann9a,59.98,S12,,,90.88,10,6.0,チ @Pann9a
235,Waly,59.94,S11+S12+S8,169.00,70.85,19.05,10,6.0,Waly
236,sX_ItsNick,59.47,S12+S8,120.00,,64.40,5,4.0,"sX_ItsNick, RG_ItsNick"
237,x_howdie_x,59.26,S12+S8,181.00,,48.82,5,3.0,x_howdie_x
238,DASLEDGEHAMMER,59.12,S11+S12,,127.40,32.60,15,7.5,DASLEDGEHAMMER
239,MoistKnight2443,58.88,S12+S8,181.00,,48.22,5,3.0,MoistKnight2443
240,Pen5guin,58.13,S11,,172.25,,35,9.0,Pen5guin
241,BobbyBooshayy,58.13,S12+S8,176.00,,44.08,10,5.0,BobbyBooshayy
242,Heuman au TELEMANUS,57.67,S11+S12,,125.45,31.31,15,7.0,"Heuman au TELEMANUS, TheHeuman"
243,VerdunkeIn,57.60,S12,,,87.28,10,6.0,VerdunkeIn
244,Revy2hands,57.47,S12,,,87.07,10,5.0,Revy2hands
245,Saki :D,57.26,S12+S8,225.00,,34.63,5,3.0,"Saki <3, Saki :D"
246,RH_JetWatt,57.13,S12,,,90.69,5,4.0,RH_JetWatt
247,A_Fox_With_Sox,57.05,S12+S8,114.00,,62.06,5,3.0,A_Fox_With_Sox
248,Targettt,56.86,S12,,,70.20,35,10.0,Targettt
249,SilentRyft,56.82,S11,,168.35,,35,9.0,SilentRyft
250,BlueGreek,56.72,S12,,,85.94,10,5.0,BlueGreek
251,Supreme,56.70,S12+S8,119.00,,56.15,10,5.0,Supreme
252,winterdeadeye23,56.67,S11+S12+S8,180.00,9.10,37.07,10,5.5,"TH | winterdeadeye, winterdeadeye23"
253,Bolbi Stroganovsky,56.46,S12+S8,149.00,,48.30,10,5.0,Bolbi Stroganovsky
254,F5|GsQ BloomDion,56.38,S11,,167.05,,35,9.0,F5|GsQ BloomDion
255,MediumSpeedTyper,56.23,S12,,,85.20,10,6.0,MediumSpeedTyper
256,Kiuv,56.21,S12,,,85.16,10,6.0,Kiuv
257,Shara-Ishvaldaa,56.17,S12,,,85.11,10,6.0,Shara-Ishvaldaa
258,Karnivorrr,56.10,S12+S8,172.00,,41.99,10,5.0,Karnivorrr
259,ItsDolonia,55.97,S12,,,84.81,10,6.0,ItsDolonia
260,Angxelah,55.86,S11+S12+S8,111.00,32.50,43.34,10,5.5,"Eclipsie13, Angxelah"
261,Memento Mori,55.03,S12,,,83.37,10,5.0,Memento Mori
262,Frijol3s03,54.83,S12,,,83.07,10,5.0,Frijol3s03
263,kadengibbs,54.81,S12,,,79.43,15,8.0,kadengibbs
264,blight77,54.71,S12,,,79.29,15,8.0,blight77
265,SantaKlaus,54.16,S12+S8,96.00,,58.06,10,6.0,"SantaKlaus, FSC | SantaKlaus"
266,ItzClockwork,53.55,S12,,,81.14,10,5.0,ItzClockwork
267,car,53.54,S12,,,81.13,10,6.0,car
268,PRDX_kraknn,53.38,S12+S8,156.00,,45.73,5,4.0,PRDX_kraknn
269,steph,53.16,S12,,,84.38,5,3.0,steph
270,Scarab6232,53.08,S12+S8,176.00,,40.25,5,4.0,Scarab6232
271,NuTTy,52.97,S11+S12,,73.45,46.16,15,8.0,NuTTy
272,xSetrakusRa,52.84,S12,,,83.87,5,4.0,xSetrakusRa
273,G4rHamza | Twitch,52.64,S12,,,79.76,10,5.0,G4rHamza | Twitch
274,DRIP_@Kentekk,52.52,S12,,,79.58,10,6.0,DRIP_@Kentekk
275,OW2 Better Game,52.47,S12,,,83.28,5,3.0,OW2 Better Game
276,Mr_Hands_20,52.35,S8,349.00,,,0,,Mr_Hands_20
277,negativerush,52.15,S12+S8,181.00,,37.52,5,3.0,negativerush
278,Inoriboob,52.08,S12,,,78.91,10,6.0,Inoriboob
279,imJhoKing,51.59,S12,,,63.70,35,10.0,imJhoKing
280,Haki,51.55,S12+S8,144.00,,42.10,10,6.0,Haki
281,F5 | Stabjackal TTV,51.33,S11+S12+S8,163.00,0.65,36.75,10,6.0,F5 | Stabjackal TTV
282,GASPITZBLESD,51.32,S12,,,74.38,15,8.0,GASPITZBLESD
283,EST MANGO XHANDER,51.03,S12+S8,137.00,,46.75,5,4.0,"XHANABUSER, EST MANGO XHANDER"
284,ehayes121,51.01,S12+S8,183.00,,35.22,5,3.0,ehayes121
285,Sleeping,50.90,S11+S12,,130.00,19.60,15,7.5,Sleeping
286,Eddy,50.75,S11+S12,,13.65,71.20,10,6.0,Eddy
287,MayBPh8L,50.31,S12,,,76.23,10,5.0,MayBPh8L
288,ChefMike,49.95,S12+S8,136.00,,45.28,5,4.0,ChefMike
289,Fuzz,49.45,S11+S12+S8,237.00,4.55,17.34,5,3.5,Fuzz
290,Hurt,49.34,S12+S8,189.00,,31.06,5,3.0,Hurt
291,YoTakeItEezy,49.34,S12+S8,189.00,,31.06,5,3.0,YoTakeItEezy
292,Doormatt,49.30,S12,,,78.26,5,4.0,Doormatt
293,table,49.25,S12,,,74.63,10,6.0,table
294,hatch,49.16,S12+S8,138.00,,39.99,10,6.0,hatch
295,laceycs,49.04,S12+S8,124.00,,46.84,5,4.0,laceycs
296,Viridae,48.89,S12,,,74.07,10,5.0,Viridae
297,FTB | Steph,48.86,S12+S8,176.00,,33.56,5,3.0,"FTB | Steph, FTB | steph"
298,baeV,48.79,S12+S8,135.00,,40.17,10,6.0,"baeV, ///Mikey"
299,iiRonnoc,48.67,S12+S8,153.00,,39.01,5,4.0,iiRonnoc
300,TH | LIVE,48.63,S12+S8,118.00,,47.69,5,4.0,"TH | LIVE, TH | BalynceLIVE"
301,WaBBiT,48.54,S11+S12,,,70.35,15,7.0,WaBBiT
302,chris k,48.48,S11,,143.65,,35,9.0,chris k
303,TGUN_Jäger,48.48,S12,,,76.95,5,3.0,TGUN_Jäger
304,yumisyzygy,48.35,S12,,,73.26,10,5.0,yumisyzygy
305,Kitkat >:),47.88,S12+S8,149.00,,35.30,10,5.0,Kitkat >:)
306,J DAWG,47.81,S12+S8,153.00,,34.19,10,5.0,J DAWG
307,GGMantisToboggan,47.54,S12+S8,239.00,,15.71,5,3.0,GGMantisToboggan
308,K1ng13east,47.19,S12+S8,146.00,,38.40,5,4.0,K1ng13east
309,sX Adam1003,47.18,S12+S8,120.00,,44.90,5,4.0,"RG Adam10, sX Adam1003"
310,Epickiller17,47.17,S11,,139.75,,35,9.0,Epickiller17
311,Ok Grimm,47.11,S12,,,71.38,10,6.0,Ok Grimm
312,Double-Take,47.02,S12+S8,170.00,,28.74,10,5.0,Double-Take
313,Hawkeye2552,46.95,S8,313.00,,,0,,Hawkeye2552
314,kyuuWar | TTV,46.83,S12,,,74.33,5,4.0,kyuuWar | TTV
315,CantGetAway,46.68,S11+S12,,127.40,14.56,15,7.0,CantGetAway
316,G-Fuel Sponsorship,46.59,S12,,,70.60,10,5.0,G-Fuel Sponsorship
317,TsF MonTy,46.10,S12+S8,196.00,,24.18,5,3.0,TsF MonTy
318,Stinkerson,45.75,S12,,,72.62,5,4.0,Stinkerson
319,Ghyst,45.31,S12,,,65.66,15,8.0,Ghyst
320,KaiAintHereFPS,45.00,S12,,,68.19,10,5.0,KaiAintHereFPS
321,A_MF_Queen,44.90,S12+S8,132.00,,38.27,5,4.0,A_MF_Queen
322,SirNaughty1,44.74,S12,,,71.02,5,4.0,SirNaughty1
323,Pandaz809,44.70,S8,298.00,,,0,,Pandaz809
324,Drizzy,44.53,S11,,131.95,,35,9.0,Drizzy
325,@benjahhim,44.30,S12,,,67.12,10,5.0,@benjahhim
326,Phoenix.MLNT,44.25,S8,295.00,,,0,,Phoenix.MLNT
327,Graffix,44.21,S12+S8,103.00,,44.42,5,4.0,Graffix
328,ZorraAssassin,44.17,S11+S12,,1.30,69.57,5,4.5,ZorraAssassin
329,TRENZHART,44.11,S12,,,70.02,5,3.0,TRENZHART
330,algunAngel,44.06,S12,,,66.76,10,5.0,algunAngel
331,derpasurarex,43.93,S12,,,69.73,5,3.0,derpasurarex
332,Krit,43.90,S12+S8,111.00,,41.93,5,3.0,Krit
333,RBD Hound,43.72,S12+S8,153.00,,31.14,5,3.0,RBD Hound
334,SoleSky,43.57,S12+S8,135.00,,32.27,10,6.0,SoleSky
335,Meme,43.48,S12,,,65.89,10,6.0,Meme
336,DEKTA_TTV,43.47,S11+S12,,1.95,62.18,15,7.0,DEKTA_TTV
337,avoid,43.44,S11+S8,111.00,84.50,,15,8.0,"Xzavier, avoid"
338,Not Slim Thor,43.40,S12+S8,97.00,,44.64,5,4.0,"Not Slim Thor, Slim_Thor on twitch"
339,Lame A Train,43.35,S8,289.00,,,0,,Lame A Train
340,xeno!,43.13,S12,,,65.34,10,5.0,xeno!
341,MyrtleSquirtle,42.85,S12+S8,145.00,,31.77,5,4.0,MyrtleSquirtle
342,Shxdyeclipse | Twitch,42.82,S12,,,64.88,10,6.0,Shxdyeclipse | Twitch
343,iitzNthan on twitch,42.71,S12,,,61.90,15,8.0,iitzNthan on twitch
344,ꟻiꙅHiᴎɘꙅꙅ,42.43,S12+S8,96.00,,43.34,5,3.0,"FSC | Fishiness, ꟻiꙅHiᴎɘꙅꙅ"
345,triplcross,42.30,S12,,,64.10,10,5.0,triplcross
346,TGUN_Turtle,42.18,S12+S8,116.00,,37.95,5,4.0,TGUN_Turtle
347,Fuzegravity,42.16,S12,,,63.87,10,5.0,Fuzegravity
348,[DAD] Nars Lootbaar,42.01,S12+S8,196.00,,17.68,5,3.0,[DAD] Nars Lootbaar
349,I3otox_,41.97,S12+S8,184.00,,20.62,5,4.0,I3otox_
350,StingraySlapper,41.67,S12,,,66.14,5,4.0,StingraySlapper
351,ChristopherNacon,41.41,S12,,,65.74,5,4.0,ChristopherNacon
352,XZL Spetz,41.01,S12,,,50.63,35,10.0,XZL Spetz
353,Mereoleona<3,40.98,S12,,,65.05,5,4.0,Mereoleona<3
354,Sithopher,40.97,S12+S8,165.00,,23.78,5,3.0,Sithopher
355,Aluminum Grill,40.81,S12,,,64.78,5,4.0,Aluminum Grill
356,Pulsar,40.71,S12,,,61.69,10,5.0,Pulsar
357,options990,40.66,S12,,,61.60,10,6.0,options990
358,PRDX_Ayywire,40.50,S12+S8,156.00,,25.28,5,4.0,PRDX_Ayywire
359,MrrrAndersonnn,40.44,S12,,,61.28,10,6.0,MrrrAndersonnn
360,BGE-DocD,40.44,S12,,,61.28,10,6.0,BGE-DocD
361,Neaztry,40.12,S12,,,58.15,15,8.0,Neaztry
362,siyoshiwakona,40.04,S12,,,63.56,5,3.0,siyoshiwakona
363,Kbertabifida | TTV,40.01,S12+S8,97.00,,39.26,5,4.0,"Kbertabifida, Kbertabifida | TTV"
364,FSU_IamAtomicTV,39.75,S8,265.00,,,0,,FSU_IamAtomicTV
365,Syndicate50,39.75,S8,265.00,,,0,,Syndicate50
366,coopfromdastoop,39.75,S12,,,63.09,5,3.0,coopfromdastoop
367,That Shark Bitch,39.69,S12,,,63.00,5,3.0,That Shark Bitch
368,eR4Ticate13,39.46,S12+S8,114.00,,34.14,5,3.0,eR4Ticate13
369,AverageDrae,39.31,S12+S8,141.00,,27.14,5,4.0,AverageDrae
370,Thunder.,39.21,S12,,,59.41,10,6.0,Thunder.
371,@Arise__FPS,39.05,S11,,115.70,,35,9.0,@Arise__FPS
372,YouForRealDiggin,38.53,S12,,,58.38,10,6.0,YouForRealDiggin
373,Addaxッ,38.20,S12,,,60.63,5,3.0,Addaxッ
374,SlyTitan,38.17,S11,,113.10,,35,9.0,SlyTitan
375,Wolfer,37.83,S11+S8,111.00,65.00,,15,8.0,Wolfer
376,Void-Yogurts,37.83,S11+S12,,1.95,59.24,5,3.5,"Apogaeon, Void-Yogurts"
377,TU The Giggler,37.77,S12,,,59.96,5,3.0,TU The Giggler
378,Jinkx,37.35,S8,249.00,,,0,,Jinkx
379,Huntingfool,36.93,S12,,,55.95,10,5.0,Huntingfool
380,Pxrmafrxstt,36.86,S11,,109.20,,35,9.0,Pxrmafrxstt
381,jo_morales7,36.75,S12+S8,106.00,,29.19,10,5.0,jo_morales7
382,Monty,36.56,S12,,,55.40,10,5.0,Monty
383,Puppygirl_UwU,36.55,S12,,,58.02,5,4.0,Puppygirl_UwU
384,Woelkie,36.48,S12,,,57.90,5,4.0,Woelkie
385,@BlindBeastly,36.47,S12,,,57.88,5,4.0,@BlindBeastly
386,ntROZE,36.45,S11+S12,,20.15,44.43,15,7.0,"F5 | ntROZE, ntROZE"
387,The Corrupt Teacher,36.39,S12,,,55.14,10,5.0,The Corrupt Teacher
388,BaM_Clutch,36.39,S12+S8,153.00,,19.51,5,4.0,BaM_Clutch
389,FALN | JohnnyK,36.38,S12,,,57.75,5,4.0,FALN | JohnnyK
390,XEL.Bpsword.Twitch,36.25,S12,,,54.92,10,5.0,XEL.Bpsword.Twitch
391,AI Conger,36.19,S12,,,54.84,10,5.0,AI Conger
392,m2,36.03,S12+S8,121.00,,24.34,10,5.0,m2
393,Quip,35.55,S8,237.00,,,0,,Quip
394,zCrackdown,35.54,S11,,105.30,,35,9.0,zCrackdown
395,stefq_,35.38,S12,,,53.61,10,6.0,stefq_
396,EvilHowell,35.28,S12,,,53.46,10,6.0,EvilHowell
397,ebokfps,35.28,S12,,,53.45,10,5.0,ebokfps
398,§eren,35.27,S12,,,53.44,10,5.0,§eren
399,Shoya,35.09,S12,,,53.17,10,6.0,Shoya
400,CubanoBread,35.04,S12,,,53.09,10,6.0,CubanoBread
401,AngryS0da,34.98,S12+S8,132.00,,22.52,5,3.0,AngryS0da
402,@SonnyD_,34.77,S12,,,55.19,5,3.0,@SonnyD_
403,LilMissGallop,34.77,S12,,,55.19,5,3.0,LilMissGallop
404,snowyday_,34.69,S12+S8,181.00,,9.82,5,3.0,snowyday_
405,JFairo,34.59,S12,,,52.40,10,6.0,JFairo
406,bookworm669,34.03,S12,,,51.56,10,6.0,bookworm669
407,Chudbudwalker,33.69,S12+S8,120.00,,23.47,5,3.0,Chudbudwalker
408,Gachu,33.63,S12,,,53.38,5,4.0,Gachu
409,AUTHOR,33.60,S8,224.00,,,0,,AUTHOR
410,asome005,33.45,S8,223.00,,,0,,asome005
411,I_am_that_guy_59,33.45,S8,223.00,,,0,,I_am_that_guy_59
412,Heishi,33.38,S12,,,50.57,10,5.0,Heishi
413,Skyy_NSU,33.37,S12,,,52.97,5,3.0,Skyy_NSU
414,Lawlipawp,33.15,S8,221.00,,,0,,Lawlipawp
415,JRobx,32.84,S12,,,52.13,5,4.0,JRobx
416,KindKitten13,32.70,S8,218.00,,,0,,KindKitten13
417,Regen,32.70,S8,218.00,,,0,,Regen
418,MrJ620,32.55,S12,,,51.66,5,4.0,MrJ620
419,xxDaji,32.50,S12,,,51.58,5,4.0,xxDaji
420,littlehj,32.46,S12,,,51.52,5,4.0,littlehj
421,EMB Loko,32.38,S12,,,51.40,5,4.0,EMB Loko
422,Chillzz-v4,32.38,S12,,,51.40,5,4.0,Chillzz-v4
423,DmanLOC,32.10,S12,,,48.64,10,5.0,DmanLOC
424,akuity,32.05,S12,,,48.56,10,6.0,akuity
425,I JoJoo I,31.90,S12,,,48.34,10,5.0,I JoJoo I
426,c!,31.63,S12,,,45.84,15,8.0,c!
427,Bruja,31.62,S12+S8,111.00,,22.43,5,3.0,"Keosha, Bruja"
428,LEAD,31.48,S12,,,47.69,10,5.0,LEAD
429,sawabawa_ttv,31.37,S12,,,47.53,10,6.0,sawabawa_ttv
430,ThisIsMig | Twitch,31.35,S8,209.00,,,0,,ThisIsMig | Twitch
431,Gee_Spree,31.20,S8,208.00,,,0,,Gee_Spree
432,YinSlayys,31.15,S12,,,47.20,10,6.0,YinSlayys
433,B-Cup connoisseur,30.99,S12,,,46.95,10,5.0,B-Cup connoisseur
434,African_shoot_Gun,30.84,S12+S8,108.00,,21.95,5,3.0,"addedayo, African_shoot_Gun"
435,FSU_TacticalMyst,30.75,S8,205.00,,,0,,FSU_TacticalMyst
436,xerpentss,30.61,S12,,,46.39,10,6.0,xerpentss
437,Skratchd_,30.60,S8,204.00,,,0,,Skratchd_
438,hxted,30.49,S12,,,46.20,10,6.0,hxted
439,the new CJ,30.30,S12,,,45.90,10,6.0,the new CJ
440,horizon bhops,29.95,S12,,,45.38,10,6.0,horizon bhops
441,iiNovationii,29.85,S8,199.00,,,0,,iiNovationii
442,CJtoSmooth,29.79,S12,,,45.13,10,6.0,CJtoSmooth
443,hcmeeks,29.54,S12,,,46.88,5,4.0,hcmeeks
444,Zorro,29.53,S11,,102.70,,15,8.0,Zorro
445,Mango Burger,29.45,S12,,,46.75,5,4.0,Mango Burger
446,Doctor Eloc,29.40,S8,196.00,,,0,,Doctor Eloc
447,rBronxasaur,29.10,S12,,,44.09,10,5.0,rBronxasaur
448,FoxTrot,29.09,S12,,,44.08,10,5.0,FoxTrot
449,splitbomb33,28.75,S12,,,45.63,5,4.0,splitbomb33
450,ButterMyBreadWB,28.65,S8,191.00,,,0,,ButterMyBreadWB
451,buug,28.41,S12,,,41.17,15,8.0,buug
452,@NotBrooklynn,28.40,S12,,,45.08,5,4.0,@NotBrooklynn
453,RiverDragonz,28.29,S12,,,42.86,10,5.0,RiverDragonz
454,Interstellar Duck,28.20,S12,,,44.77,5,4.0,Interstellar Duck
455,furryCheese,28.03,S11,,97.50,,15,8.0,furryCheese
456,zewski,27.99,S12,,,44.42,5,4.0,zewski
457,Big Daddy Busch,27.85,S12,,,44.20,5,3.0,Big Daddy Busch
458,ICRS JustTreaOnTwitch,27.84,S12,,,42.19,10,6.0,ICRS JustTreaOnTwitch
459,Xiph,27.84,S12,,,42.19,10,6.0,Xiph
460,CompasThepigeon,27.82,S12,,,44.15,5,3.0,CompasThepigeon
461,Toonzy,27.81,S12,,,44.14,5,3.0,Toonzy
462,Nedlock ネドロック,27.79,S12,,,42.10,10,6.0,Nedlock ネドロック
463,SummerLaneGG,27.71,S12,,,43.99,5,3.0,SummerLaneGG
464,graingerous,27.64,S12,,,41.87,10,5.0,graingerous
465,claud,27.60,S8,184.00,,,0,,claud
466,ILetBaddiesBeatMe13,27.55,S12,,,41.74,10,5.0,ILetBaddiesBeatMe13
467,chlls,26.97,S12,,,42.81,5,3.0,chlls
468,DrMrProfCoach,26.87,S12,,,38.94,15,8.0,DrMrProfCoach
469,Harmo,26.70,S12,,,40.45,10,5.0,Harmo
470,oalios,26.62,S8,169.00,,,5,3.0,"oalios, FSC | shape"
471,fpsboone,26.40,S8,176.00,,,0,,fpsboone
472,:)happiaka,26.34,S12,,,39.91,10,6.0,:)happiaka
473,SpaceGhostXero,26.34,S12,,,39.91,10,6.0,SpaceGhostXero
474,hxted's unk,26.20,S12,,,39.70,10,6.0,hxted's unk
475,Dalla,26.01,S12,,,39.40,10,6.0,Dalla
476,Gator Needs His Gat,25.95,S8,173.00,,,0,,Gator Needs His Gat
477,EXL_KNGKUMO,25.79,S11,,89.70,,15,8.0,EXL_KNGKUMO
478,EXL_LEEROYY,25.79,S11,,89.70,,15,8.0,EXL_LEEROYY
479,Mqples pet fish,25.70,S12,,,37.25,15,8.0,Mqples pet fish
480,MJ5044,25.65,S8,171.00,,,0,,MJ5044
481,Calbeast,25.65,S8,171.00,,,0,,Calbeast
482,YANKEE 6 XRAY,25.65,S8,171.00,,,0,,YANKEE 6 XRAY
483,Jestahzz,25.50,S12,,,38.63,10,6.0,Jestahzz
484,Brandon,25.48,S12,,,40.44,5,4.0,Brandon
485,Indy,25.35,S8,169.00,,,0,,Indy
486,ramshackle786,25.27,S12,,,40.12,5,4.0,ramshackle786
487,US-Fakezi,25.20,S8,168.00,,,0,,US-Fakezi
488,NSU Punk,25.18,S12,,,39.97,5,4.0,NSU Punk
489,GH0$T,25.03,S12,,,39.74,5,4.0,GH0$T
490,FALN | Stats,24.75,S8,165.00,,,0,,FALN | Stats
491,GS6abad95,24.49,S12,,,38.88,5,4.0,GS6abad95
492,lonewolf4114,24.29,S12+S8,114.00,,10.06,5,3.0,lonewolf4114
493,Miriahkay19,24.09,S12,,,38.25,5,4.0,Miriahkay19
494,Draigo,24.00,S8,160.00,,,0,,Draigo
495,yvngvvs23,24.00,S12,,,36.36,10,5.0,yvngvvs23
496,tommyfrontofyb,23.81,S12,,,37.80,5,3.0,tommyfrontofyb
497,Tomboys > Femboys,23.76,S8,144.00,,,10,5.0,Tomboys > Femboys
498,Ketchup Boy,23.60,S12,,,37.46,5,3.0,Ketchup Boy
499,mati,23.55,S8,157.00,,,0,,mati
500,Roller Abuser,23.41,S12,,,35.47,10,5.0,Roller Abuser
501,Biomains,23.32,S12,,,35.34,10,5.0,Biomains
502,CrashOutQueen,23.32,S12,,,35.33,10,5.0,CrashOutQueen
503,Eppie,23.25,S8,155.00,,,0,,Eppie
504,boobert,23.10,S8,154.00,,,0,,boobert
505,Lime Grass 0,23.06,S12,,,36.61,5,3.0,Lime Grass 0
506,AS1AN M1KE,22.93,S12+S8,145.00,,0.14,5,3.0,AS1AN M1KE
507,Sneaky,22.90,S12,,,34.69,10,5.0,Sneaky
508,Xiums,22.80,S8,152.00,,,0,,Xiums
509,Figgy14,22.80,S8,152.00,,,0,,Figgy14
510,MaschidezinTV,22.80,S8,152.00,,,0,,MaschidezinTV
511,The Real Slim Shady,22.80,S8,152.00,,,0,,The Real Slim Shady
512,DosEquisMan,22.80,S8,152.00,,,0,,DosEquisMan
513,Kolosusx,22.65,S8,151.00,,,0,,Kolosusx
514,snatched lime9,22.61,S11,,78.65,,15,8.0,snatched lime9
515,ghost,22.59,S12,,,34.23,10,5.0,ghost
516,slump,22.55,S11+S12,,5.85,33.35,5,4.0,"slump, iButterMyBreadWB"
517,slap,22.51,S12,,,34.11,10,6.0,slap
518,JustTam1r-TTV,22.49,S12,,,34.07,10,5.0,JustTam1r-TTV
519,Lurchie,22.49,S12,,,35.69,5,3.0,Lurchie
520,Kozmohs1,22.42,S11,,78.00,,15,8.0,Kozmohs1
521,Nythros,22.38,S12,,,35.52,5,3.0,Nythros
522,Medic x HUNTR/X,22.24,S11,,77.35,,15,8.0,Medic x HUNTR/X
523,Frogs,21.90,S8,146.00,,,0,,Frogs
524,phuzzapa,21.79,S12,,,34.59,5,3.0,phuzzapa
525,mer,21.75,S8,145.00,,,0,,mer
526,Master Oogway,21.30,S12,,,32.27,10,6.0,Master Oogway
527,Hootels,21.16,S12,,,32.06,10,6.0,Hootels
528,NSU_RayJi,21.09,S12,,,33.47,5,4.0,NSU_RayJi
529,@rGhxsty,21.01,S12,,,33.35,5,4.0,@rGhxsty
530,Meepmoe6,20.95,S8,133.00,,,5,3.0,Meepmoe6
531,@ICEDOUTLIFEALERT,20.52,S12,,,31.09,10,5.0,@ICEDOUTLIFEALERT
532,MikieDelliii,20.40,S8,136.00,,,0,,MikieDelliii
533,JackHeDoesIt,20.40,S8,136.00,,,0,,JackHeDoesIt
534,BossBBALLER101,20.40,S8,136.00,,,0,,BossBBALLER101
535,[Experimental AI Bot]29.319.17,20.25,S8,135.00,,,0,,[Experimental AI Bot]29.319.17
536,blujay._,20.19,S12,,,29.26,15,8.0,blujay._
537,funsizednenax3,20.15,S12,,,31.98,5,4.0,funsizednenax3
538,Nilak,19.92,S12+S8,95.00,,7.86,5,4.0,Nilak
539,TGUN_Trivial,19.82,S12,,,31.45,5,4.0,TGUN_Trivial
540,twitch.tv/find0utt,19.80,S12,,,31.42,5,4.0,twitch.tv/find0utt
541,K_wal8,19.71,S12,,,29.86,10,5.0,K_wal8
542,Monke,19.59,S12,,,29.69,10,5.0,Monke
543,sfs spoken,19.31,S12,,,30.65,5,3.0,sfs spoken
544,twitch.tv/ruiin999,19.25,S11,,66.95,,15,8.0,twitch.tv/ruiin999
545,TurtlFPS,19.20,S8,128.00,,,0,,TurtlFPS
546,SAF Newbmaster69,18.82,S12,,,29.87,5,3.0,SAF Newbmaster69
547,Exillade,18.75,S8,125.00,,,0,,Exillade
548,SU_Hero_,18.71,S12,,,29.70,5,3.0,SU_Hero_
549,ChaosGoesLive,18.45,S8,123.00,,,0,,ChaosGoesLive
550,MannyFnG,18.39,S12,,,29.19,5,3.0,MannyFnG
551,YGPhiend,18.39,S12,,,29.19,5,3.0,YGPhiend
552,groupty,18.13,S11,,63.05,,15,8.0,groupty
553,RG_CPTMurph24,18.00,S8,120.00,,,0,,RG_CPTMurph24
554,Raskkal,18.00,S12,,,28.57,5,3.0,Raskkal
555,weird fishes,17.85,S8,119.00,,,0,,weird fishes
556,RageKage,17.70,S12,,,28.09,5,3.0,RageKage
557,ArticWolf,17.70,S12,,,28.09,5,3.0,ArticWolf
558,SMZ ZAIKKO,17.64,S12,,,28.00,5,3.0,SMZ ZAIKKO
559,Kellz10123,17.64,S12,,,28.00,5,3.0,Kellz10123
560,No Brain,17.57,S11,,61.10,,15,8.0,No Brain
561,F3AR TRA1N,17.54,S12,,,27.85,5,3.0,F3AR TRA1N
562,ENVYxSkillet,17.40,S8,116.00,,,0,,ENVYxSkillet
563,Heret1c,17.25,S8,115.00,,,0,,Heret1c
564,Beanboy,17.25,S8,115.00,,,0,,Beanboy
565,Hud,17.25,S8,115.00,,,0,,Hud
566,narwhal,17.25,S8,115.00,,,0,,narwhal
567,AmericanMan,17.10,S8,114.00,,,0,,AmericanMan
568,rrroselia,17.10,S8,114.00,,,0,,rrroselia
569,ClarkGriswold,16.94,S12,,,26.89,5,4.0,ClarkGriswold
570,TheLittlefoot93,16.94,S12,,,26.89,5,4.0,TheLittlefoot93
571,Kenji,16.90,S12,,,25.60,10,6.0,Kenji
572,BklynzKilla90,16.65,S8,111.00,,,0,,BklynzKilla90
573,TNX Xireq,16.30,S12,,,25.88,5,4.0,TNX Xireq
574,RHE_Big-Nate54,16.24,S12,,,25.78,5,4.0,RHE_Big-Nate54
575,EXL Unordinary ekiM,16.20,S8,108.00,,,0,,EXL Unordinary ekiM
576,andra ∞,16.12,S12,,,25.58,5,4.0,andra ∞
577,amieable,16.05,S8,107.00,,,0,,amieable
578,Samus54,16.05,S8,107.00,,,0,,Samus54
579,LVS_Falcon,15.88,S11,,55.25,,15,8.0,LVS_Falcon
580,TONYPIKACHU,15.45,S8,103.00,,,0,,TONYPIKACHU
581,faust_aka_furux,15.45,S12,,,24.52,5,3.0,faust_aka_furux
582,GTheBirdKing,15.23,S12,,,24.17,5,3.0,GTheBirdKing
583,o7 o7 o7,15.14,S11,,52.65,,15,8.0,o7 o7 o7
584,Arc_PC,14.76,S11,,51.35,,15,8.0,Arc_PC
585,tzunomi | TTV,14.73,S12,,,23.37,5,3.0,tzunomi | TTV
586,Sammie,14.70,S8,98.00,,,0,,Sammie
587,Prosperitv,14.70,S8,98.00,,,0,,Prosperitv
588,l Belfour l20l,14.68,S12,,,23.31,5,3.0,l Belfour l20l
589,IDKTThomas,14.67,S12,,,23.28,5,3.0,IDKTThomas
590,Elyruis,14.67,S12,,,23.28,5,3.0,Elyruis
591,@Tdobzz,14.38,S12,,,22.83,5,3.0,@Tdobzz
592,luke3o4,14.37,S12,,,22.82,5,3.0,luke3o4
593,BaByBuStD0wn_,14.19,S12,,,22.52,5,3.0,BaByBuStD0wn_
594,@Jaeger_Dyn,14.17,S12,,,21.47,10,5.0,@Jaeger_Dyn
595,SwiftieC,14.13,S12,,,22.43,5,3.0,SwiftieC
596,Josizino,14.05,S12,,,21.29,10,5.0,Josizino
597,BABYJOKWR,13.90,S12,,,22.07,5,3.0,BABYJOKWR
598,TexasTrash9,13.81,S12,,,21.92,5,3.0,TexasTrash9
599,MDeVivo,13.75,S12,,,21.83,5,3.0,MDeVivo
600,SarebearFive,13.55,S12,,,21.51,5,3.0,SarebearFive
601,Jubella,13.55,S12,,,21.50,5,3.0,Jubella
602,Broom,13.27,S11,,46.15,,15,8.0,Broom
603,Denk Jenkinson,13.07,S12,,,20.75,5,4.0,Denk Jenkinson
604,LovePhenomenon,12.97,S12,,,20.59,5,3.0,LovePhenomenon
605,ayla,12.85,S12,,,20.39,5,4.0,ayla
606,PastrDisastr348,12.71,S12,,,20.17,5,4.0,PastrDisastr348
607,@WreckerActual,12.42,S12,,,19.72,5,4.0,@WreckerActual
608,DunnoU,12.42,S11+S8,33.00,25.35,,10,6.0,DunnoU
609,Sexton Shuffle,12.32,S12,,,19.55,5,4.0,Sexton Shuffle
610,StrawberryPhox,11.09,S12,,,17.60,5,3.0,StrawberryPhox
611,EXL_FLYXSS,10.84,S11,,37.70,,15,8.0,EXL_FLYXSS
612,TU Zycen,10.84,S12,,,17.20,5,3.0,TU Zycen
613,NoPeelNeko,10.76,S12,,,17.07,5,3.0,NoPeelNeko
614,Girth,10.69,S12,,,16.97,5,3.0,Girth
615,B_Trasher,10.67,S12,,,16.93,5,3.0,B_Trasher
616,Freakylicous,10.66,S12,,,16.92,5,3.0,Freakylicous
617,OE_remydees,10.63,S12,,,16.87,5,3.0,OE_remydees
618,Cono,10.55,S12,,,16.74,5,3.0,Cono
619,Evoke,10.47,S11,,36.40,,15,8.0,Evoke
620,TyreHeat,10.45,S12,,,16.59,5,3.0,TyreHeat
621,Dies Irae,10.45,S12,,,16.59,5,3.0,Dies Irae
622,no ttv pushn40,10.41,S12,,,16.53,5,3.0,no ttv pushn40
623,mind goblin,10.40,S12,,,16.50,5,3.0,mind goblin
624,MicahiscooYT,10.29,S12,,,16.33,5,3.0,MicahiscooYT
625,StonyBolognaa | Twitch,10.20,S12,,,16.19,5,3.0,StonyBolognaa | Twitch
626,m3a0w,10.09,S11,,35.10,,15,8.0,m3a0w
627,Whiffy,10.03,S12,,,15.19,10,5.0,Whiffy
628,Plaiqu,10.00,S12,,,15.87,5,3.0,Plaiqu
629,Bsteph13,9.90,S12,,,15.72,5,3.0,Bsteph13
630,oFFMenu,9.60,S12,,,15.24,5,3.0,oFFMenu
631,HOLLOW,9.17,S12,,,14.56,5,3.0,HOLLOW
632,Training Arc,8.94,S12,,,14.20,5,3.0,Training Arc
633,rukaaiscool556,8.94,S11,,32.50,,10,6.0,rukaaiscool556
634,tso,8.76,S11,,31.85,,10,6.0,tso
635,ac__ca\vt.hctiwt,8.58,S11,,31.20,,10,6.0,ac__ca\vt.hctiwt
636,ctrl,8.40,S11,,30.55,,10,6.0,ctrl
637,Reavor,8.19,S12,,,13.01,5,4.0,Reavor
638,JustVibing4829,8.04,S11,,29.25,,10,6.0,JustVibing4829
639,ruin.,7.59,S12,,,12.04,5,4.0,ruin.
640,Ghost Dyga,7.34,S12,,,11.65,5,3.0,Ghost Dyga
641,Tylenol induced autism,6.66,S12,,,10.57,5,3.0,Tylenol induced autism
642,UltNotReady,6.35,S12,,,10.09,5,3.0,UltNotReady
643,FadingMetal63,6.34,S12,,,10.06,5,3.0,FadingMetal63
644,HacKz,6.24,S12,,,9.45,10,5.0,HacKz
645,FTB | NaskOnSomn,6.15,S12,,,9.76,5,3.0,FTB | NaskOnSomn
646,YOUTHFUL FILIPINO ROLLER PRODIGY,5.86,S12,,,9.30,5,3.0,YOUTHFUL FILIPINO ROLLER PRODIGY
647,Sherm,5.76,S12,,,9.15,5,3.0,Sherm
648,IGY6 DeeMochuu,5.53,S12,,,8.78,5,3.0,IGY6 DeeMochuu
649,TheKidVolg,5.41,S12,,,8.59,5,3.0,TheKidVolg
650,camaleonrosado,4.97,S12,,,7.88,5,4.0,camaleonrosado
651,SMZ Reason,4.87,S12,,,7.73,5,3.0,SMZ Reason
652,Majeta23,4.65,S11,,16.90,,10,6.0,Majeta23
653,Flanksteak,4.61,S12,,,7.32,5,3.0,Flanksteak
654,CG honeybee aries,4.35,S8,29.00,,,0,,CG honeybee aries
655,l0tusStar,4.05,S8,27.00,,,0,,l0tusStar
656,WALLSHIFT,4.05,S8,27.00,,,0,,WALLSHIFT
657,tuna!,3.40,S11,,12.35,,10,6.0,tuna!
658,OverratedMax,2.86,S11,,10.40,,10,6.0,OverratedMax
659,ボイディ,2.51,S12,,,3.98,5,3.0,ボイディ
660,h u s k y,2.38,S12,,,3.78,5,3.0,h u s k y
661,guardiantroop6,2.10,S12,,,3.33,5,3.0,guardiantroop6
662,萧瑟,2.05,S11,,7.80,,5,4.0,萧瑟
663,Dom,1.54,S11,,5.85,,5,4.0,Dom
664,joaqie,1.49,S12,,,2.37,5,3.0,joaqie
665,ExternalAPEX,1.49,S12,,,2.36,5,3.0,ExternalAPEX
666,OE Hoodie,1.44,S12,,,2.28,5,3.0,OE Hoodie
667,EST_PeePee,1.41,S12,,,2.24,5,3.0,EST_PeePee
668,#prayersmade,1.37,S12,,,2.17,5,3.0,#prayersmade
669,Vin,1.27,S12,,,2.02,5,3.0,Vin
670,Greywaren99,1.26,S12,,,2.00,5,3.0,Greywaren99
671,StratocLP,1.26,S12,,,2.00,5,3.0,StratocLP
672,TacoEnjoyer,0.69,S12,,,1.09,5,3.0,TacoEnjoyer
673,IGY6 theeJambro,0.17,S11,,0.65,,5,4.0,IGY6 theeJambro
674,Wolf,0.09,S12,,,0.14,5,3.0,Wolf
675,Maavi,0.00,S12,,,,5,3.0,Maavi
