Rank,Player Name,Division,Total Weighted Points,Raw Points,Total Kills,Total Damage,Lobby,Lobby Weight
1,Anteatter,Pinnacle (Highest Skill),408.00,408,92,0,1,1.0
2,LUMI,Pinnacle (Highest Skill),408.00,408,72,0,1,1.0
3,lumdum,Pinnacle (Highest Skill),296.00,296,55,0,1,1.0
4,Dvpaper,Pinnacle (Highest Skill),285.00,285,33,0,1,1.0
5,seeby,Pinnacle (Highest Skill),279.00,279,50,0,1,1.0
6,Gas Daddy,Pinnacle (Highest Skill),278.00,278,21,0,1,1.0
7,Bleachh,Pinnacle (Highest Skill),278.00,278,69,0,1,1.0
8,Lau,Pinnacle (Highest Skill),264.00,264,33,0,1,1.0
9,BrodE,Pinnacle (Highest Skill),258.00,258,58,0,1,1.0
10,twitch.tv/kozmohs,Pinnacle (Highest Skill),255.00,255,68,0,1,1.0
11,DarkApex,Pinnacle (Highest Skill),255.00,255,34,0,1,1.0
12,Dare,Pinnacle (Highest Skill),247.00,247,67,0,1,1.0
13,TNL_Colt,Pinnacle (Highest Skill),246.00,246,63,0,1,1.0
14,OzWaldo,Pinnacle (Highest Skill),246.00,246,47,0,1,1.0
15,LeaderOfTheBees,Pinnacle (Highest Skill),246.00,246,41,0,1,1.0
16,Todo_apex,Pinnacle (Highest Skill),244.00,244,40,0,1,1.0
17,Zboy5z5,Pinnacle (Highest Skill),237.00,237,30,0,1,1.0
18,Zaphyツ,Pinnacle (Highest Skill),232.00,232,56,0,1,1.0
19,Shouli,Pinnacle (Highest Skill),229.00,229,38,0,1,1.0
20,Jakoby,Pinnacle (Highest Skill),227.00,227,28,0,1,1.0
21,xThinkso,Ascendant,209.28,327,35,0,3,0.64
22,AiymAPotato,Ascendant,209.28,327,70,0,3,0.64
23,Dusterbia,Ascendant,209.28,327,67,0,3,0.64
24,A Big Ahh Turd,Pinnacle (Highest Skill),199.00,199,31,0,1,1.0
25,Groliver86,Ascendant,196.48,307,53,0,3,0.64
26,Phoenix.MLNT,Ascendant,188.80,295,57,0,3,0.64
27,NightNight.MLNT,Ascendant,188.80,295,56,0,3,0.64
28,Cezr,Ascendant,187.52,293,41,0,3,0.64
29,An7,Pinnacle (Highest Skill),186.00,186,29,0,1,1.0
30,MOTL Kahzïne,Pinnacle (Highest Skill),186.00,186,42,0,1,1.0
31,Almanymede,Pinnacle (Highest Skill),186.00,186,24,0,1,1.0
32,cudi,Pinnacle (Highest Skill),179.00,179,19,0,1,1.0
33,0ptical,Pinnacle (Highest Skill),179.00,179,27,0,1,1.0
34,mauシ,Pinnacle (Highest Skill),178.00,178,25,0,1,1.0
35,MattyK3NG,Ascendant,177.92,278,24,0,3,0.64
36,KindKitten13,Vanguard,174.40,218,62,0,2,0.8
37,PGK,Pinnacle (Highest Skill),173.00,173,27,0,1,1.0
38,Lastcall,Pinnacle (Highest Skill),171.00,171,27,0,1,1.0
39,spaceman,Pinnacle (Highest Skill),168.00,168,27,0,1,1.0
40,eidolon,Pinnacle (Highest Skill),166.00,166,29,0,1,1.0
41,BigBen1248,Ascendant,165.12,258,53,0,3,0.64
42,Gav.MLNT,Ascendant,163.20,255,42,0,3,0.64
43,GRO gLow,Emergent,161.67,317,82,0,4,0.51
44,Oshe,Emergent,161.67,317,50,0,4,0.51
45,Deetray,Pinnacle (Highest Skill),160.00,160,36,0,1,1.0
46,LAZY3D,Pinnacle (Highest Skill),160.00,160,24,0,1,1.0
47,Jinkx,Ascendant,159.36,249,38,0,3,0.64
48,NØKK,Pinnacle (Highest Skill),159.00,159,26,0,1,1.0
49,Ltto.,Pinnacle (Highest Skill),159.00,159,22,0,1,1.0
50,xXx,Pinnacle (Highest Skill),159.00,159,28,0,1,1.0
51,goodlookingsean,Pinnacle (Highest Skill),158.00,158,25,0,1,1.0
52,ejustice74,Ascendant,152.96,239,32,0,3,0.64
53,ColedColedWorld,Ascendant,152.96,239,39,0,3,0.64
54,ButterMyBreadWB,Vanguard,152.80,191,39,0,2,0.8
55,Omnipotene,Pinnacle (Highest Skill),152.00,152,50,0,1,1.0
56,Pandaz809,Emergent,151.98,298,35,0,4,0.51
57,kat,Emergent,151.98,298,47,0,4,0.51
58,KindlyMonkey,Emergent,151.98,298,83,0,4,0.51
59,Quip,Ascendant,151.68,237,19,0,3,0.64
60,ImSh1ny,Ascendant,151.68,237,52,0,3,0.64
61,Fuzz,Ascendant,151.68,237,29,0,3,0.64
62,Noxums,Vanguard,151.20,189,29,0,2,0.8
63,garbunk,Vanguard,150.40,188,37,0,2,0.8
64,zegion,Vanguard,150.40,188,35,0,2,0.8
65,Bvtterr,Pinnacle (Highest Skill),146.00,146,20,0,1,1.0
66,Crash,Ascendant,145.92,228,44,0,3,0.64
67,AUTHOR,Ascendant,143.36,224,38,0,3,0.64
68,jaundyy666,Vanguard,143.20,179,32,0,2,0.8
69,Mr_Hands_20,Challengers,143.09,349,36,0,5,0.41
70,Hylandbound,Challengers,143.09,349,76,0,5,0.41
71,LVS_Soda,Pinnacle (Highest Skill),142.00,142,31,0,1,1.0
72,LVS_TurtleMan,Pinnacle (Highest Skill),142.00,142,17,0,1,1.0
73,Lawlipawp,Ascendant,141.44,221,36,0,3,0.64
74,SOAK Wobbla,Emergent,137.70,270,30,0,4,0.51
75,FlareNotFlair,Pinnacle (Highest Skill),137.00,137,30,0,1,1.0
76,Double-Take,Vanguard,136.00,170,30,0,2,0.8
77,oalios,Vanguard,135.20,169,16,0,2,0.8
78,MannikTV,Ascendant,134.40,210,38,0,3,0.64
79,Nopes Ropes,Ascendant,133.76,209,55,0,3,0.64
80,ThisIsMig | Twitch,Ascendant,133.76,209,28,0,3,0.64
81,Fartman,Ascendant,133.12,208,44,0,3,0.64
82,Gee_Spree,Ascendant,133.12,208,23,0,3,0.64
83,Frank Newcastle,Challengers,131.20,320,46,0,5,0.41
84,shueisha,Challengers,131.20,320,57,0,5,0.41
85,Skratchd_,Ascendant,130.56,204,53,0,3,0.64
86,Hawkeye2552,Challengers,128.33,313,63,0,5,0.41
87,Draigo,Vanguard,128.00,160,34,0,2,0.8
88,DASLEDGEHAMMER,Pinnacle (Highest Skill),126.00,126,7,0,1,1.0
89,ChosenSky,Pinnacle (Highest Skill),126.00,126,23,0,1,1.0
90,mati,Vanguard,125.60,157,24,0,2,0.8
91,BrandoCommando,Pinnacle (Highest Skill),125.00,125,24,0,1,1.0
92,Epickiller17,Pinnacle (Highest Skill),125.00,125,9,0,1,1.0
93,Goomba on a Roomba,Ascendant,124.80,195,27,0,3,0.64
94,find0utt_TTV,Ascendant,122.88,192,26,0,3,0.64
95,Protogen Pawjob,Ascendant,122.88,192,58,0,3,0.64
96,Kryo,Vanguard,121.60,152,36,0,2,0.8
97,Xiums,Vanguard,121.60,152,26,0,2,0.8
98,Frank Newcastle,Emergent,120.87,237,31,0,4,0.51
99,ESTEFY,Vanguard,119.20,149,30,0,2,0.8
100,MOTL DduckyG,Challengers,118.49,289,33,0,5,0.41
101,FairestOne617,Challengers,118.49,289,83,0,5,0.41
102,Lame A Train,Challengers,118.49,289,57,0,5,0.41
103,Tomboys > Femboys,Vanguard,115.20,144,10,0,2,0.8
104,Haki,Vanguard,115.20,144,18,0,2,0.8
105,TH | winterdeadeye,Ascendant,115.20,180,33,0,3,0.64
106,TwelveGage,Ascendant,115.20,180,29,0,3,0.64
107,Pen5guin,Pinnacle (Highest Skill),115.00,115,15,0,1,1.0
108,Saki <3,Emergent,114.75,225,42,0,4,0.51
109,DaS8157,Emergent,114.75,225,65,0,4,0.51
110,blanK,Vanguard,112.80,141,25,0,2,0.8
111,ジム,Vanguard,112.80,141,29,0,2,0.8
112,旋風,Vanguard,112.80,141,21,0,2,0.8
113,fpsboone,Ascendant,112.64,176,50,0,3,0.64
114,R A P T U R E,Pinnacle (Highest Skill),112.00,112,13,0,1,1.0
115,zCrackdown,Pinnacle (Highest Skill),112.00,112,5,0,1,1.0
116,Regen,Emergent,111.18,218,56,0,4,0.51
117,hatch,Vanguard,110.40,138,34,0,2,0.8
118,bradyvision,Challengers,110.29,269,38,0,5,0.41
119,NickatNi7e,Challengers,110.29,269,67,0,5,0.41
120,XHANABUSER,Vanguard,109.60,137,11,0,2,0.8
121,Cyferzn,Vanguard,109.60,137,24,0,2,0.8
122,MJ5044,Ascendant,109.44,171,7,0,3,0.64
123,Calbeast,Ascendant,109.44,171,21,0,3,0.64
124,YANKEE 6 XRAY,Ascendant,109.44,171,45,0,3,0.64
125,FSU_IamAtomicTV,Challengers,108.65,265,52,0,5,0.41
126,Saaaber,Challengers,108.65,265,53,0,5,0.41
127,Syndicate50,Challengers,108.65,265,41,0,5,0.41
128,Waly,Ascendant,108.16,169,46,0,3,0.64
129,Indy,Ascendant,108.16,169,29,0,3,0.64
130,US-Fakezi,Ascendant,107.52,168,24,0,3,0.64
131,EST Wattzz,Vanguard,107.20,134,18,0,2,0.8
132,indigocross92,Emergent,105.57,207,19,0,4,0.51
133,zourafa12,Emergent,105.57,207,52,0,4,0.51
134,zourafa12,Ascendant,104.32,163,27,0,3,0.64
135,F5 | Stabjackal TTV,Ascendant,104.32,163,8,0,3,0.64
136,TheHeuman,Pinnacle (Highest Skill),103.00,103,9,0,1,1.0
137,TurtlFPS,Vanguard,102.40,128,19,0,2,0.8
138,OniHeishiVT,Emergent,100.98,198,39,0,4,0.51
139,muchmixture9,Emergent,100.98,198,15,0,4,0.51
140,AllieFPS | Twitch,Pinnacle (Highest Skill),100.00,100,13,0,1,1.0
141,waz ee,Pinnacle (Highest Skill),100.00,100,16,0,1,1.0
142,uhPrxzn,Pinnacle (Highest Skill),100.00,100,24,0,1,1.0
143,NØKK,Vanguard,99.20,124,26,0,2,0.8
144,NRG ltto.,Vanguard,99.20,124,14,0,2,0.8
145,xXx,Vanguard,99.20,124,17,0,2,0.8
146,Baughty,Challengers,97.99,239,49,0,5,0.41
147,HaKobo,Challengers,97.99,239,45,0,5,0.41
148,GGMantisToboggan,Challengers,97.99,239,36,0,5,0.41
149,BaM_Clutch,Ascendant,97.92,153,25,0,3,0.64
150,iiRonnoc,Ascendant,97.92,153,30,0,3,0.64
151,J DAWG,Ascendant,97.92,153,27,0,3,0.64
152,chill guy kien,Challengers,97.58,238,30,0,5,0.41
153,F5|GsQ BloomDion,Pinnacle (Highest Skill),97.00,97,16,0,1,1.0
154,m2,Vanguard,96.80,121,8,0,2,0.8
155,amon,Vanguard,96.00,120,28,0,2,0.8
156,Truth,Vanguard,96.00,120,18,0,2,0.8
157,Hobojo,Emergent,95.88,188,35,0,4,0.51
158,weird fishes,Vanguard,95.20,119,27,0,2,0.8
159,Aero,Vanguard,95.20,119,21,0,2,0.8
160,Hova,Challengers,95.12,232,42,0,5,0.41
161,DWE Parcifal,Challengers,95.12,232,43,0,5,0.41
162,goddamnironman,Challengers,95.12,232,32,0,5,0.41
163,DWE Mango,Challengers,94.71,231,43,0,5,0.41
164,ENVYxSkillet,Vanguard,92.80,116,20,0,2,0.8
165,TGUN_Turtle,Vanguard,92.80,116,19,0,2,0.8
166,THEOZINBOY,Pinnacle (Highest Skill),92.00,92,20,0,1,1.0
167,Heret1c,Vanguard,92.00,115,30,0,2,0.8
168,asome005,Challengers,91.43,223,47,0,5,0.41
169,I_am_that_guy_59,Challengers,91.43,223,20,0,5,0.41
170,AmericanMan,Vanguard,91.20,114,10,0,2,0.8
171,Sleeping,Pinnacle (Highest Skill),90.00,90,11,0,1,1.0
172,Penguinii,Pinnacle (Highest Skill),90.00,90,20,0,1,1.0
173,BobbyBooshayy,Emergent,89.76,176,26,0,4,0.51
174,pat,Emergent,89.76,176,34,0,4,0.51
175,Scarab6232,Emergent,89.76,176,18,0,4,0.51
176,StoneSpy946,Emergent,89.76,176,30,0,4,0.51
177,Kevin,Ascendant,88.96,139,42,0,3,0.64
178,ImTheBigFork,Vanguard,88.80,111,24,0,2,0.8
179,Xzavier,Vanguard,88.80,111,27,0,2,0.8
180,BklynzKilla90,Vanguard,88.80,111,22,0,2,0.8
181,Wolfer,Vanguard,88.80,111,27,0,2,0.8
182,Eclipsie13,Vanguard,88.80,111,9,0,2,0.8
183,Gator Needs His Gat,Emergent,88.23,173,35,0,4,0.51
184,twitch.tv/apguapo,Vanguard,88.00,110,40,0,2,0.8
185,imCBITS,Vanguard,87.20,109,25,0,2,0.8
186,Xyrosec,Ascendant,87.04,136,23,0,3,0.64
187,Mysteryz,Pinnacle (Highest Skill),87.00,87,20,0,1,1.0
188,F5 | Big Ab,Pinnacle (Highest Skill),87.00,87,24,0,1,1.0
189,EXL Unordinary ekiM,Vanguard,86.40,108,12,0,2,0.8
190,///Mikey,Ascendant,86.40,135,23,0,3,0.64
191,[Experimental AI Bot]29.319.17,Ascendant,86.40,135,24,0,3,0.64
192,CantGetAway,Pinnacle (Highest Skill),86.00,86,11,0,1,1.0
193,HotKnockz,Pinnacle (Highest Skill),86.00,86,24,0,1,1.0
194,@ArtemisGG_,Emergent,85.17,167,19,0,4,0.51
195,Mootzel,Emergent,84.66,166,37,0,4,0.51
196,FSU_TacticalMyst,Challengers,84.05,205,26,0,5,0.41
197,Graffix,Vanguard,82.40,103,8,0,2,0.8
198,TONYPIKACHU,Vanguard,82.40,103,12,0,2,0.8
199,ZeroGLHF,Vanguard,82.40,103,11,0,2,0.8
200,Unix_IRL,Vanguard,81.60,102,17,0,2,0.8
201,chris k,Pinnacle (Highest Skill),81.00,81,14,0,1,1.0
202,DEKTA_TTV,Vanguard,80.80,101,21,0,2,0.8
203,Exillade,Ascendant,80.00,125,22,0,3,0.64
204,Coveted Yams,Challengers,79.54,194,24,0,5,0.41
205,Eppie,Emergent,79.05,155,18,0,4,0.51
206,boobert,Emergent,78.54,154,44,0,4,0.51
207,Twitch | lAlliegatorl,Vanguard,78.40,98,16,0,2,0.8
208,fyf,Vanguard,78.40,98,14,0,2,0.8
209,waz ee,Vanguard,78.40,98,20,0,2,0.8
210,uhPrxzn,Vanguard,78.40,98,21,0,2,0.8
211,CG BilliardHorn,Emergent,77.52,152,16,0,4,0.51
212,Kolosusx,Emergent,77.01,151,28,0,4,0.51
213,Nedlock ネドロック,Vanguard,76.00,95,17,0,2,0.8
214,:O,Emergent,75.99,149,27,0,4,0.51
215,Kitkat >:),Emergent,75.99,149,25,0,4,0.51
216,Bolbi Stroganovsky,Emergent,75.99,149,22,0,4,0.51
217,TH | BalynceLIVE,Ascendant,75.52,118,31,0,3,0.64
218,s,Vanguard,75.20,94,16,0,2,0.8
219,ehayes121,Challengers,75.03,183,42,0,5,0.41
220,Frogs,Emergent,74.46,146,34,0,4,0.51
221,K1ng13east,Emergent,74.46,146,20,0,4,0.51
222,GRO gLow,Ascendant,74.24,116,18,0,3,0.64
223,Oshe,Ascendant,74.24,116,16,0,3,0.64
224,SOAK Palms,Ascendant,74.24,116,19,0,3,0.64
225,MoistKnight2443,Challengers,74.21,181,24,0,5,0.41
226,Bungus Elite,Emergent,72.42,142,23,0,4,0.51
227,FTB | Hunkulesss,Challengers,72.16,176,27,0,5,0.41
228,FTB | steph,Challengers,72.16,176,24,0,5,0.41
229,ayla,Ascendant,71.68,112,15,0,3,0.64
230,ClarkGriswold,Ascendant,71.68,112,19,0,3,0.64
231,Cherm,Emergent,71.40,140,18,0,4,0.51
232,Karnivorrr,Challengers,70.52,172,17,0,5,0.41
233,TheGunner2533,Challengers,70.52,172,26,0,5,0.41
234,zCrackdown,Vanguard,70.40,88,19,0,2,0.8
235,Majeta23,Vanguard,70.40,88,8,0,2,0.8
236,furryCheese,Vanguard,70.40,88,17,0,2,0.8
237,Frijol3s03,Vanguard,69.60,87,19,0,2,0.8
238,Eddy,Vanguard,69.60,87,10,0,2,0.8
239,F5 | ntROZE,Vanguard,69.60,87,21,0,2,0.8
240,ChefMike,Emergent,69.36,136,26,0,4,0.51
241,el diablo rojo,Ascendant,69.12,108,12,0,3,0.64
242,HecTicAstro,Ascendant,69.12,108,20,0,3,0.64
243,phokkyu,Emergent,68.85,135,14,0,4,0.51
244,Potter,Emergent,68.85,135,42,0,4,0.51
245,SoleSky,Emergent,68.85,135,14,0,4,0.51
246,Pxrmafrxstt,Pinnacle (Highest Skill),68.00,68,10,0,1,1.0
247,Haightful,Ascendant,67.84,106,12,0,3,0.64
248,offkilter,Ascendant,67.84,106,21,0,3,0.64
249,KfroJenner69,Ascendant,67.84,106,20,0,3,0.64
250,Diadem2721|Live,Ascendant,67.84,106,12,0,3,0.64
251,FALN | Stats,Challengers,67.65,165,29,0,5,0.41
252,EagleUSA,Challengers,67.65,165,27,0,5,0.41
253,Sithopher,Challengers,67.65,165,18,0,5,0.41
254,AngryS0da,Emergent,67.32,132,23,0,4,0.51
255,Enderphor,Challengers,67.24,164,44,0,5,0.41
256,1L Fallen,Vanguard,67.20,84,19,0,2,0.8
257,LVS_Soda,Vanguard,66.40,83,10,0,2,0.8
258,LVS_Falcon,Vanguard,66.40,83,11,0,2,0.8
259,Medic x Frieren,Vanguard,66.40,83,12,0,2,0.8
260,XEL.Bpsword.Twitch,Ascendant,65.92,103,14,0,3,0.64
261,CJtoSmooth,Ascendant,65.92,103,19,0,3,0.64
262,100T sheppyk9,Tendies (Lowest Skill),65.67,199,44,0,6,0.33
263,iiNovationii,Tendies (Lowest Skill),65.67,199,18,0,6,0.33
264,RAGNA_Viper,Tendies (Lowest Skill),65.67,199,43,0,6,0.33
265,DWE TTV Teach Da Youth,Challengers,65.19,159,21,0,5,0.41
266,JEK,Emergent,64.77,127,32,0,4,0.51
267,TsF MonTy,Tendies (Lowest Skill),64.68,196,27,0,6,0.33
268,Doctor Eloc,Tendies (Lowest Skill),64.68,196,49,0,6,0.33
269,[DAD] Nars Lootbaar,Tendies (Lowest Skill),64.68,196,20,0,6,0.33
270,PRDX_kraknn,Challengers,63.96,156,30,0,5,0.41
271,PRDX_Ayywire,Challengers,63.96,156,26,0,5,0.41
272,PRDX_Jokr,Challengers,63.96,156,32,0,5,0.41
273,laceycs,Emergent,63.24,124,20,0,4,0.51
274,Sleeping,Vanguard,63.20,79,7,0,2,0.8
275,Penguinii,Vanguard,63.20,79,18,0,2,0.8
276,ChaosGoesLive,Emergent,62.73,123,31,0,4,0.51
277,RBD yonewdaddy,Challengers,62.73,153,23,0,5,0.41
278,RBD Hound,Challengers,62.73,153,13,0,5,0.41
279,the-optimistic-stoic,Ascendant,62.72,98,16,0,3,0.64
280,Hurt,Tendies (Lowest Skill),62.37,189,29,0,6,0.33
281,YoTakeItEezy,Tendies (Lowest Skill),62.37,189,16,0,6,0.33
282,uFears,Tendies (Lowest Skill),62.37,189,66,0,6,0.33
283,Figgy14,Challengers,62.32,152,25,0,5,0.41
284,MaschidezinTV,Challengers,62.32,152,14,0,5,0.41
285,i miss her,Vanguard,61.60,77,13,0,2,0.8
286,G2theRiffin,Challengers,61.50,150,30,0,5,0.41
287,Raz,Emergent,61.20,120,23,0,4,0.51
288,Chudbudwalker,Emergent,61.20,120,25,0,4,0.51
289,claud,Tendies (Lowest Skill),60.72,184,36,0,6,0.33
290,I3otox_,Tendies (Lowest Skill),60.72,184,30,0,6,0.33
291,Supreme,Emergent,60.69,119,20,0,4,0.51
292,impish,Emergent,60.69,119,22,0,4,0.51
293,TH | winterdeadeye,Vanguard,60.00,75,17,0,2,0.8
294,波打つヘッドハンタ,Vanguard,60.00,75,8,0,2,0.8
295,HA1L RG3,Challengers,59.86,146,29,0,5,0.41
296,snowyday_,Tendies (Lowest Skill),59.73,181,24,0,6,0.33
297,x_howdie_x,Tendies (Lowest Skill),59.73,181,47,0,6,0.33
298,negativerush,Tendies (Lowest Skill),59.73,181,19,0,6,0.33
299,AS1AN M1KE,Challengers,59.45,145,23,0,5,0.41
300,estrella,Vanguard,59.20,74,9,0,2,0.8
301,FTB | SliceOfJAO,Challengers,59.04,144,19,0,5,0.41
302,SilentRyft,Pinnacle (Highest Skill),59.00,59,20,0,1,1.0
303,Beanboy,Emergent,58.65,115,24,0,4,0.51
304,Hud,Emergent,58.65,115,15,0,4,0.51
305,rrroselia,Emergent,58.14,114,13,0,4,0.51
306,@Arise__FPS,Pinnacle (Highest Skill),58.00,58,12,0,1,1.0
307,JuiceboxSlays (washed),Challengers,57.81,141,38,0,5,0.41
308,AverageDrae,Challengers,57.81,141,17,0,5,0.41
309,StingraySlapper,Challengers,57.81,141,24,0,5,0.41
310,Mysteryz,Vanguard,57.60,72,12,0,2,0.8
311,DASLEDGEHAMMER,Vanguard,57.60,72,12,0,2,0.8
312,ChosenSky,Vanguard,57.60,72,9,0,2,0.8
313,KindlyMonkey,Vanguard,57.60,72,17,0,2,0.8
314,FALN | JohnnyK,Challengers,57.40,140,30,0,5,0.41
315,Frijol3s03,Ascendant,56.96,89,22,0,3,0.64
316,Eddy,Ascendant,56.96,89,20,0,3,0.64
317,F5 | ntROZE,Ascendant,56.96,89,17,0,3,0.64
318,Tay,Ascendant,55.68,87,14,0,3,0.64
319,Kevin,Vanguard,55.20,69,12,0,2,0.8
320,Durxy,Pinnacle (Highest Skill),55.00,55,11,0,1,1.0
321,jo_morales7,Emergent,54.06,106,8,0,4,0.51
322,JO x claw,Emergent,54.06,106,13,0,4,0.51
323,BACKSP4CEッ,Pinnacle (Highest Skill),54.00,54,13,0,1,1.0
324,caro,Pinnacle (Highest Skill),54.00,54,13,0,1,1.0
325,Noxums,Pinnacle (Highest Skill),54.00,54,7,0,1,1.0
326,Truth,Pinnacle (Highest Skill),54.00,54,5,0,1,1.0
327,SolisStreams,Challengers,53.71,131,41,0,5,0.41
328,XI PuGz,Emergent,53.55,105,27,0,4,0.51
329,bradyvision,Tendies (Lowest Skill),53.46,162,30,0,6,0.33
330,Bsteph13,Challengers,53.30,130,13,0,5,0.41
331,Apogaeon,Vanguard,52.80,66,3,0,2,0.8
332,MayBPh8L,Emergent,52.53,103,7,0,4,0.51
333,RBD | Toonz,Challengers,52.48,128,33,0,5,0.41
334,bookworm669,Emergent,52.02,102,22,0,4,0.51
335,BakedPotato1213,Emergent,51.51,101,13,0,4,0.51
336,KindlyMonkey,Ascendant,51.20,80,20,0,3,0.64
337,The Real Slim Shady,Tendies (Lowest Skill),50.16,152,43,0,6,0.33
338,DosEquisMan,Tendies (Lowest Skill),50.16,152,37,0,6,0.33
339,zG_Stifle,Challengers,49.61,121,36,0,5,0.41
340,Hollenberger,Vanguard,49.60,62,8,0,2,0.8
341,OpNate,Ascendant,49.28,77,23,0,3,0.64
342,Medic x HUNTR/X,Pinnacle (Highest Skill),49.00,49,7,0,1,1.0
343,A,Vanguard,48.80,61,14,0,2,0.8
344,Zorro,Pinnacle (Highest Skill),48.00,48,11,0,1,1.0
345,mer,Tendies (Lowest Skill),47.85,145,22,0,6,0.33
346,Becka,Tendies (Lowest Skill),47.85,145,30,0,6,0.33
347,MyrtleSquirtle,Tendies (Lowest Skill),47.85,145,28,0,6,0.33
348,Greywaren99,Challengers,47.56,116,17,0,5,0.41
349,EXL_LEEROYY,Vanguard,47.20,59,15,0,2,0.8
350,Astris86,Pinnacle (Highest Skill),47.00,47,8,0,1,1.0
351,OpNate,Vanguard,46.40,58,7,0,2,0.8
352,LVS_Falcon,Pinnacle (Highest Skill),45.00,45,4,0,1,1.0
353,MikieDelliii,Tendies (Lowest Skill),44.88,136,20,0,6,0.33
354,JackHeDoesIt,Tendies (Lowest Skill),44.88,136,23,0,6,0.33
355,BossBBALLER101,Tendies (Lowest Skill),44.88,136,12,0,6,0.33
356,Rvo,Vanguard,44.80,56,14,0,2,0.8
357,G2theRiffin,Emergent,44.37,87,20,0,4,0.51
358,SlyTitan,Pinnacle (Highest Skill),44.00,44,13,0,1,1.0
359,Meepmoe6,Tendies (Lowest Skill),43.89,133,21,0,6,0.33
360,A_MF_Queen,Tendies (Lowest Skill),43.56,132,27,0,6,0.33
361,TTV/Fishiness,Challengers,43.46,106,26,0,5,0.41
362,Dom,Vanguard,43.20,54,10,0,2,0.8
363,Drizzy,Pinnacle (Highest Skill),43.00,43,16,0,1,1.0
364,Poptart,Emergent,42.33,83,15,0,4,0.51
365,Revy2hands,Emergent,42.33,83,14,0,4,0.51
366,OE_MrBr0jangless,Tendies (Lowest Skill),42.24,128,22,0,6,0.33
367,snatched lime9,Pinnacle (Highest Skill),41.00,41,8,0,1,1.0
368,splitbomb33,Challengers,40.18,98,10,0,5,0.41
369,furryCheese,Pinnacle (Highest Skill),40.00,40,11,0,1,1.0
370,RG Adam10,Tendies (Lowest Skill),39.60,120,15,0,6,0.33
371,RG_ItsNick,Tendies (Lowest Skill),39.60,120,16,0,6,0.33
372,RG_CPTMurph24,Tendies (Lowest Skill),39.60,120,14,0,6,0.33
373,Waly,Pinnacle (Highest Skill),39.00,39,7,0,1,1.0
374,Miriahkay19,Challengers,38.13,93,21,0,5,0.41
375,EXL_KNGKUMO,Pinnacle (Highest Skill),38.00,38,10,0,1,1.0
376,EXL_LEEROYY,Pinnacle (Highest Skill),38.00,38,10,0,1,1.0
377,EXL_FLYXSS,Pinnacle (Highest Skill),38.00,38,2,0,1,1.0
378,narwhal,Tendies (Lowest Skill),37.95,115,21,0,6,0.33
379,A_Fox_With_Sox,Tendies (Lowest Skill),37.62,114,17,0,6,0.33
380,eR4Ticate13,Tendies (Lowest Skill),37.62,114,24,0,6,0.33
381,lonewolf4114,Tendies (Lowest Skill),37.62,114,19,0,6,0.33
382,EXL_FLYXSS,Vanguard,37.60,47,16,0,2,0.8
383,iklipsa,Ascendant,37.12,58,19,0,3,0.64
384,groupty,Pinnacle (Highest Skill),37.00,37,6,0,1,1.0
385,Keosha,Tendies (Lowest Skill),36.63,111,15,0,6,0.33
386,Krit,Tendies (Lowest Skill),36.63,111,36,0,6,0.33
387,siyoshiwakona,Emergent,36.21,71,14,0,4,0.51
388,WhySoSweatyy,Challengers,35.67,87,22,0,5,0.41
389,addedayo,Tendies (Lowest Skill),35.64,108,28,0,6,0.33
390,amieable,Tendies (Lowest Skill),35.31,107,15,0,6,0.33
391,Samus54,Tendies (Lowest Skill),35.31,107,17,0,6,0.33
392,EXL_KNGKUMO,Vanguard,35.20,44,6,0,2,0.8
393,Yarfy,Vanguard,34.40,43,8,0,2,0.8
394,claud,Ascendant,33.92,53,4,0,3,0.64
395,spaceman,Vanguard,33.60,42,9,0,2,0.8
396,eidolon,Vanguard,33.60,42,8,0,2,0.8
397,Omnipotene,Vanguard,33.60,42,14,0,2,0.8
398,Joe Dirt,Ascendant,33.28,52,6,0,3,0.64
399,NuTTy,Pinnacle (Highest Skill),33.00,33,8,0,1,1.0
400,Supreme,Ascendant,32.64,51,9,0,3,0.64
401,SpectacularlyAvg,Challengers,32.39,79,19,0,5,0.41
402,JRobx,Challengers,32.39,79,15,0,5,0.41
403,Jack,Tendies (Lowest Skill),32.34,98,36,0,6,0.33
404,Sammie,Tendies (Lowest Skill),32.34,98,9,0,6,0.33
405,Prosperitv,Tendies (Lowest Skill),32.34,98,17,0,6,0.33
406,FairestOne617,Emergent,32.13,63,16,0,4,0.51
407,mildly boof,Tendies (Lowest Skill),32.01,97,14,0,6,0.33
408,Slim_Thor on twitch,Tendies (Lowest Skill),32.01,97,18,0,6,0.33
409,Kbertabifida,Tendies (Lowest Skill),32.01,97,16,0,6,0.33
410,Moolboyrk,Pinnacle (Highest Skill),32.00,32,4,0,1,1.0
411,FSC | shape,Tendies (Lowest Skill),31.68,96,14,0,6,0.33
412,FSC | SantaKlaus,Tendies (Lowest Skill),31.68,96,29,0,6,0.33
413,FSC | Fishiness,Tendies (Lowest Skill),31.68,96,21,0,6,0.33
414,Keko75FTW,Tendies (Lowest Skill),31.35,95,23,0,6,0.33
415,Nilak,Tendies (Lowest Skill),31.35,95,5,0,6,0.33
416,KindKitten14,Vanguard,31.20,39,8,0,2,0.8
417,ZorraAssassin,Vanguard,31.20,39,10,0,2,0.8
418,DirtyVerdy_,Tendies (Lowest Skill),31.02,94,18,0,6,0.33
419,zegion,Pinnacle (Highest Skill),31.00,31,10,0,1,1.0
420,o7 o7 o7,Pinnacle (Highest Skill),31.00,31,5,0,1,1.0
421,Broom,Pinnacle (Highest Skill),31.00,31,4,0,1,1.0
422,avoid,Pinnacle (Highest Skill),30.00,30,10,0,1,1.0
423,Wolfer,Pinnacle (Highest Skill),30.00,30,7,0,1,1.0
424,Eclipsie13,Pinnacle (Highest Skill),30.00,30,2,0,1,1.0
425,Kozmohs1,Pinnacle (Highest Skill),30.00,30,9,0,1,1.0
426,FSC | SantaKlaus,Challengers,29.93,73,11,0,5,0.41
427,h u s k y,Tendies (Lowest Skill),29.70,90,12,0,6,0.33
428,RetroMrLiquid,Tendies (Lowest Skill),29.70,90,7,0,6,0.33
429,CheezySlice,Tendies (Lowest Skill),29.70,90,21,0,6,0.33
430,CasualRobi,Vanguard,29.60,37,6,0,2,0.8
431,FALN | cwelk,Challengers,29.52,72,12,0,5,0.41
432,Luzer,Emergent,29.07,57,7,0,4,0.51
433,Arc_PC,Pinnacle (Highest Skill),29.00,29,5,0,1,1.0
434,DunnoU,Pinnacle (Highest Skill),29.00,29,1,0,1,1.0
435,tso,Pinnacle (Highest Skill),29.00,29,2,0,1,1.0
436,mind goblin,Vanguard,28.80,36,8,0,2,0.8
437,WarsZ,Vanguard,28.80,36,2,0,2,0.8
438,JFairo,Ascendant,28.80,45,12,0,3,0.64
439,OE_remydees,Tendies (Lowest Skill),28.05,85,19,0,6,0.33
440,Deltuh,Vanguard,28.00,35,7,0,2,0.8
441,Inoriboob,Vanguard,28.00,35,7,0,2,0.8
442,SpaceGhostXero,Vanguard,28.00,35,7,0,2,0.8
443,Nyamea,Vanguard,27.20,34,3,0,2,0.8
444,@YoJokerz,Pinnacle (Highest Skill),27.00,27,6,0,1,1.0
445,TTV Bubble,Vanguard,26.40,33,3,0,2,0.8
446,Childish,Vanguard,26.40,33,11,0,2,0.8
447,MHM_MrBr0janglessTTV,Vanguard,26.40,33,6,0,2,0.8
448,DunnoU,Vanguard,26.40,33,3,0,2,0.8
449,ENCRYPTED8704,Ascendant,26.24,41,4,0,3,0.64
450,gruesome_b1,Emergent,26.01,51,4,0,4,0.51
451,dash in retirement,Pinnacle (Highest Skill),26.00,26,6,0,1,1.0
452,Majeta23,Pinnacle (Highest Skill),26.00,26,0,0,1,1.0
453,Evoke,Pinnacle (Highest Skill),26.00,26,3,0,1,1.0
454,OE_UselessRoyalty,Tendies (Lowest Skill),25.74,78,10,0,6,0.33
455,angrySandy,Emergent,25.50,50,4,0,4,0.51
456,JustVibing4829,Pinnacle (Highest Skill),25.00,25,2,0,1,1.0
457,nathanbradley54,Challengers,24.60,60,2,0,5,0.41
458,No Brain,Pinnacle (Highest Skill),24.00,24,7,0,1,1.0
459,m3a0w,Pinnacle (Highest Skill),24.00,24,3,0,1,1.0
460,CG honeybee aries,Vanguard,23.20,29,4,0,2,0.8
461,twitch.tv/ruiin999,Pinnacle (Highest Skill),23.00,23,8,0,1,1.0
462,SOAK Palms,Pinnacle (Highest Skill),23.00,23,1,0,1,1.0
463,JustTam1r-TTV,Challengers,22.96,56,10,0,5,0.41
464,HTL Danikay,Tendies (Lowest Skill),22.11,67,4,0,6,0.33
465,blanK,Pinnacle (Highest Skill),22.00,22,2,0,1,1.0
466,ジマー,Pinnacle (Highest Skill),22.00,22,3,0,1,1.0
467,Uorax,Pinnacle (Highest Skill),22.00,22,4,0,1,1.0
468,RedTerror,Emergent,21.93,43,10,0,4,0.51
469,AP985,Challengers,21.73,53,4,0,5,0.41
470,l0tusStar,Vanguard,21.60,27,3,0,2,0.8
471,WALLSHIFT,Vanguard,21.60,27,1,0,2,0.8
472,rukaaiscool556,Pinnacle (Highest Skill),20.00,20,3,0,1,1.0
473,Kaezuh,Vanguard,20.00,25,7,0,2,0.8
474,Natems1717,Ascendant,19.20,30,0,0,3,0.64
475,BrandoCommando,Vanguard,18.40,23,4,0,2,0.8
476,Pen5guin,Vanguard,18.40,23,3,0,2,0.8
477,ac__ca\vt.hctiwt,Pinnacle (Highest Skill),18.00,18,3,0,1,1.0
478,Croh,Tendies (Lowest Skill),17.82,54,6,0,6,0.33
479,Deadbok_666,Tendies (Lowest Skill),17.82,54,3,0,6,0.33
480,ramshackle786,Tendies (Lowest Skill),17.16,52,5,0,6,0.33
481,ctrl,Pinnacle (Highest Skill),17.00,17,3,0,1,1.0
482,alphabet,Tendies (Lowest Skill),16.50,50,11,0,6,0.33
483,Gible,Tendies (Lowest Skill),16.50,50,13,0,6,0.33
484,Monke,Tendies (Lowest Skill),16.50,50,6,0,6,0.33
485,OverratedMax,Pinnacle (Highest Skill),16.00,16,0,0,1,1.0
486,@ArtemisGG_,Vanguard,16.00,20,3,0,2,0.8
487,FSC | SantaKlaus,Ascendant,16.00,25,3,0,3,0.64
488,nathanbradley54,Tendies (Lowest Skill),15.84,48,5,0,6,0.33
489,BlueGreek,Ascendant,15.36,24,4,0,3,0.64
490,TTV | Astris86,Ascendant,15.36,24,10,0,3,0.64
491,tso,Vanguard,15.20,19,5,0,2,0.8
492,DWE Mango,Tendies (Lowest Skill),15.18,46,9,0,6,0.33
493,snowyday_,Challengers,15.17,37,3,0,5,0.41
494,x_howdie_x,Challengers,15.17,37,7,0,5,0.41
495,negativerush,Challengers,15.17,37,6,0,5,0.41
496,SwiftieC,Tendies (Lowest Skill),14.52,44,4,0,6,0.33
497,7157-8414-2998 on Pokemon Go,Emergent,14.28,28,3,0,4,0.51
498,PING CRUSADER,Pinnacle (Highest Skill),14.00,14,2,0,1,1.0
499,Droptimus Prime ツ,Emergent,13.77,27,6,0,4,0.51
500,swagstrfather420,Challengers,13.12,32,5,0,5,0.41
501,harry,Vanguard,12.80,16,7,0,2,0.8
502,lookn4ahopup,Emergent,12.24,24,2,0,4,0.51
503,hyper o7,Pinnacle (Highest Skill),12.00,12,4,0,1,1.0
504,MHM_MrBr0janglessTTV,Emergent,11.73,23,2,0,4,0.51
505,MissingJibbs,Emergent,11.73,23,4,0,4,0.51
506,Lime Grass 0,Emergent,11.22,22,3,0,4,0.51
507,Huntingfool,Emergent,11.22,22,2,0,4,0.51
508,Aquamarine,Vanguard,11.20,14,3,0,2,0.8
509,Secrets™,Pinnacle (Highest Skill),11.00,11,2,0,1,1.0
510,Eddy,Pinnacle (Highest Skill),11.00,11,1,0,1,1.0
511,F5 | ntROZE,Pinnacle (Highest Skill),11.00,11,2,0,1,1.0
512,Big Daddy Busch,Challengers,10.66,26,6,0,5,0.41
513,Epickiller17,Vanguard,10.40,13,3,0,2,0.8
514,GN700TM,Tendies (Lowest Skill),9.90,30,2,0,6,0.33
515,Arc_PC,Vanguard,9.60,12,4,0,2,0.8
516,QWERTY,Ascendant,9.60,15,1,0,3,0.64
517,Kerckhaert,Tendies (Lowest Skill),9.24,28,1,0,6,0.33
518,l Belfour l20l,Tendies (Lowest Skill),9.24,28,4,0,6,0.33
519,zewski,Emergent,9.18,18,4,0,4,0.51
520,Dom,Pinnacle (Highest Skill),9.00,9,0,0,1,1.0
521,tuna!,Pinnacle (Highest Skill),9.00,9,1,0,1,1.0
522,iButterMyBreadWB,Pinnacle (Highest Skill),9.00,9,0,0,1,1.0
523,DareOGK on Twitch,Pinnacle (Highest Skill),9.00,9,1,0,1,1.0
524,Cyferzn,Pinnacle (Highest Skill),9.00,9,3,0,1,1.0
525,:O,Vanguard,8.80,11,1,0,2,0.8
526,Jubella,Challengers,8.61,21,1,0,5,0.41
527,gmail@ec_doom.com,Tendies (Lowest Skill),8.25,25,0,0,6,0.33
528,DreadWolf303,Tendies (Lowest Skill),8.25,25,1,0,6,0.33
529,MJ5044,Vanguard,8.00,10,1,0,2,0.8
530,Calbeast,Vanguard,8.00,10,4,0,2,0.8
531,YANKEE 6 XRAY,Vanguard,8.00,10,0,0,2,0.8
532,QP,Vanguard,8.00,10,1,0,2,0.8
533,Fuzz,Vanguard,8.00,10,2,0,2,0.8
534,Heathclips_,Emergent,7.65,15,1,0,4,0.51
535,Fuzz,Pinnacle (Highest Skill),7.00,7,0,0,1,1.0
536,DangrClxse,Challengers,6.97,17,2,0,5,0.41
537,Nando,Emergent,6.63,13,4,0,4,0.51
538,Sam,Challengers,6.56,16,5,0,5,0.41
539,TexasTrash9,Tendies (Lowest Skill),5.61,17,1,0,6,0.33
540,shueisha,Emergent,5.10,10,1,0,4,0.51
541,Jubella,Tendies (Lowest Skill),4.95,15,3,0,6,0.33
542,FSC | shape,Challengers,4.51,11,1,0,5,0.41
543,Hylandbound,Emergent,4.08,8,2,0,4,0.51
544,RogueKielbasa,Emergent,4.08,8,0,0,4,0.51
545,TH | winterdeadeye,Pinnacle (Highest Skill),4.00,4,1,0,1,1.0
546,DEKTA_TTV,Pinnacle (Highest Skill),3.00,3,0,0,1,1.0
547,Rvo,Pinnacle (Highest Skill),3.00,3,1,0,1,1.0
548,Apogaeon,Pinnacle (Highest Skill),3.00,3,0,0,1,1.0
549,OE Hoodie,Tendies (Lowest Skill),2.64,8,0,0,6,0.33
550,AS1AN M1KE,Emergent,2.55,5,1,0,4,0.51
551,ice tickle,Vanguard,2.40,3,0,0,2,0.8
552,Toasty,Pinnacle (Highest Skill),2.00,2,0,0,1,1.0
553,萧瑟,Pinnacle (Highest Skill),2.00,2,1,0,1,1.0
554,ZorraAssassin,Pinnacle (Highest Skill),2.00,2,0,0,1,1.0
555,imCBITS,Pinnacle (Highest Skill),2.00,2,0,0,1,1.0
556,kat,Ascendant,1.92,3,0,0,3,0.64
557,xJBeach,Emergent,1.53,3,0,0,4,0.51
558,IVIonty,Emergent,1.53,3,1,0,4,0.51
559,IGY6 theeJambro,Pinnacle (Highest Skill),1.00,1,0,0,1,1.0
560,F5 | Stabjackal TTV,Pinnacle (Highest Skill),1.00,1,0,0,1,1.0
561,WaBBiT,Pinnacle (Highest Skill),0.00,0,0,0,1,1.0
562,muchmixture9,Ascendant,0.00,0,0,0,3,0.64
563,100T sheppyk9,Challengers,0.00,0,0,0,5,0.41
