Rank,Player Name,Division,Weighted Points,Raw Points,Kills,Damage,Lobby,Lobby Weight
1,Anteatter,Pinnacle (Highest Skill),408.00,408,92,0,1,1.00
2,LUMI,Pinnacle (Highest Skill),408.00,408,72,0,1,1.00
3,lumdum,Pinnacle (Highest Skill),296.00,296,55,0,1,1.00
4,Dvpaper,Pinnacle (Highest Skill),285.00,285,33,0,1,1.00
5,seeby,Pinnacle (Highest Skill),279.00,279,50,0,1,1.00
6,Gas Daddy,Pinnacle (Highest Skill),278.00,278,21,0,1,1.00
7,Bleachh,Pinnacle (Highest Skill),278.00,278,69,0,1,1.00
8,Lau,Pinnacle (Highest Skill),264.00,264,33,0,1,1.00
9,BrodE,Pinnacle (Highest Skill),258.00,258,58,0,1,1.00
10,twitch.tv/kozmohs,Pinnacle (Highest Skill),255.00,255,68,0,1,1.00
11,DarkApex,Pinnacle (Highest Skill),255.00,255,34,0,1,1.00
12,Dare,Pinnacle (Highest Skill),247.00,247,67,0,1,1.00
13,TNL_Colt,Pinnacle (Highest Skill),246.00,246,63,0,1,1.00
14,OzWaldo,Pinnacle (Highest Skill),246.00,246,47,0,1,1.00
15,LeaderOfTheBees,Pinnacle (Highest Skill),246.00,246,41,0,1,1.00
16,Todo_apex,Pinnacle (Highest Skill),244.00,244,40,0,1,1.00
17,Zboy5z5,Pinnacle (Highest Skill),237.00,237,30,0,1,1.00
18,Zaphyツ,Pinnacle (Highest Skill),232.00,232,56,0,1,1.00
19,Shouli,Pinnacle (Highest Skill),229.00,229,38,0,1,1.00
20,Jakoby,Pinnacle (Highest Skill),227.00,227,28,0,1,1.00
21,xThinkso,Ascendant,209.28,327,35,0,3,0.64
22,AiymAPotato,Ascendant,209.28,327,70,0,3,0.64
23,Dusterbia,Ascendant,209.28,327,67,0,3,0.64
24,A Big Ahh Turd,Pinnacle (Highest Skill),199.00,199,31,0,1,1.00
25,Groliver86,Ascendant,196.48,307,53,0,3,0.64
26,Phoenix.MLNT,Ascendant,188.80,295,57,0,3,0.64
27,NightNight.MLNT,Ascendant,188.80,295,56,0,3,0.64
28,Cezr,Ascendant,187.52,293,41,0,3,0.64
29,An7,Pinnacle (Highest Skill),186.00,186,29,0,1,1.00
30,MOTL Kahzïne,Pinnacle (Highest Skill),186.00,186,42,0,1,1.00
31,Almanymede,Pinnacle (Highest Skill),186.00,186,24,0,1,1.00
32,cudi,Pinnacle (Highest Skill),179.00,179,19,0,1,1.00
33,0ptical,Pinnacle (Highest Skill),179.00,179,27,0,1,1.00
34,mauシ,Pinnacle (Highest Skill),178.00,178,25,0,1,1.00
35,MattyK3NG,Ascendant,177.92,278,24,0,3,0.64
36,KindKitten13,Vanguard,174.40,218,62,0,2,0.80
37,PGK,Pinnacle (Highest Skill),173.00,173,27,0,1,1.00
38,Lastcall,Pinnacle (Highest Skill),171.00,171,27,0,1,1.00
39,spaceman,Pinnacle (Highest Skill),168.00,168,27,0,1,1.00
40,eidolon,Pinnacle (Highest Skill),166.00,166,29,0,1,1.00
41,BigBen1248,Ascendant,165.12,258,53,0,3,0.64
42,Gav.MLNT,Ascendant,163.20,255,42,0,3,0.64
43,GRO gLow,Emergent,161.67,317,82,0,4,0.51
44,Oshe,Emergent,161.67,317,50,0,4,0.51
45,Deetray,Pinnacle (Highest Skill),160.00,160,36,0,1,1.00
46,LAZY3D,Pinnacle (Highest Skill),160.00,160,24,0,1,1.00
47,Jinkx,Ascendant,159.36,249,38,0,3,0.64
48,NØKK,Pinnacle (Highest Skill),159.00,159,26,0,1,1.00
49,Ltto.,Pinnacle (Highest Skill),159.00,159,22,0,1,1.00
50,xXx,Pinnacle (Highest Skill),159.00,159,28,0,1,1.00
51,goodlookingsean,Pinnacle (Highest Skill),158.00,158,25,0,1,1.00
52,ejustice74,Ascendant,152.96,239,32,0,3,0.64
53,ColedColedWorld,Ascendant,152.96,239,39,0,3,0.64
54,ButterMyBreadWB,Vanguard,152.80,191,39,0,2,0.80
55,Omnipotene,Pinnacle (Highest Skill),152.00,152,50,0,1,1.00
56,Pandaz809,Emergent,151.98,298,35,0,4,0.51
57,kat,Emergent,151.98,298,47,0,4,0.51
58,KindlyMonkey,Emergent,151.98,298,83,0,4,0.51
59,Quip,Ascendant,151.68,237,19,0,3,0.64
60,ImSh1ny,Ascendant,151.68,237,52,0,3,0.64
61,Fuzz,Ascendant,151.68,237,29,0,3,0.64
62,Noxums,Vanguard,151.20,189,29,0,2,0.80
63,garbunk,Vanguard,150.40,188,37,0,2,0.80
64,zegion,Vanguard,150.40,188,35,0,2,0.80
65,Bvtterr,Pinnacle (Highest Skill),146.00,146,20,0,1,1.00
66,Crash,Ascendant,145.92,228,44,0,3,0.64
67,AUTHOR,Ascendant,143.36,224,38,0,3,0.64
68,jaundyy666,Vanguard,143.20,179,32,0,2,0.80
69,Mr_Hands_20,Challengers,143.09,349,36,0,5,0.41
70,Hylandbound,Challengers,143.09,349,76,0,5,0.41
71,LVS_Soda,Pinnacle (Highest Skill),142.00,142,31,0,1,1.00
72,LVS_TurtleMan,Pinnacle (Highest Skill),142.00,142,17,0,1,1.00
73,Lawlipawp,Ascendant,141.44,221,36,0,3,0.64
74,SOAK Wobbla,Emergent,137.70,270,30,0,4,0.51
75,FlareNotFlair,Pinnacle (Highest Skill),137.00,137,30,0,1,1.00
76,Double-Take,Vanguard,136.00,170,30,0,2,0.80
77,oalios,Vanguard,135.20,169,16,0,2,0.80
78,MannikTV,Ascendant,134.40,210,38,0,3,0.64
79,Nopes Ropes,Ascendant,133.76,209,55,0,3,0.64
80,ThisIsMig | Twitch,Ascendant,133.76,209,28,0,3,0.64
81,Fartman,Ascendant,133.12,208,44,0,3,0.64
82,Gee_Spree,Ascendant,133.12,208,23,0,3,0.64
83,Frank Newcastle,Challengers,131.20,320,46,0,5,0.41
84,shueisha,Challengers,131.20,320,57,0,5,0.41
85,Skratchd_,Ascendant,130.56,204,53,0,3,0.64
86,Hawkeye2552,Challengers,128.33,313,63,0,5,0.41
87,Draigo,Vanguard,128.00,160,34,0,2,0.80
88,DASLEDGEHAMMER,Pinnacle (Highest Skill),126.00,126,7,0,1,1.00
89,ChosenSky,Pinnacle (Highest Skill),126.00,126,23,0,1,1.00
90,mati,Vanguard,125.60,157,24,0,2,0.80
91,BrandoCommando,Pinnacle (Highest Skill),125.00,125,24,0,1,1.00
92,Epickiller17,Pinnacle (Highest Skill),125.00,125,9,0,1,1.00
93,Goomba on a Roomba,Ascendant,124.80,195,27,0,3,0.64
94,find0utt_TTV,Ascendant,122.88,192,26,0,3,0.64
95,Protogen Pawjob,Ascendant,122.88,192,58,0,3,0.64
96,Kryo,Vanguard,121.60,152,36,0,2,0.80
97,Xiums,Vanguard,121.60,152,26,0,2,0.80
98,ESTEFY,Vanguard,119.20,149,30,0,2,0.80
99,MOTL DduckyG,Challengers,118.49,289,33,0,5,0.41
100,FairestOne617,Challengers,118.49,289,83,0,5,0.41
101,Lame A Train,Challengers,118.49,289,57,0,5,0.41
102,Tomboys > Femboys,Vanguard,115.20,144,10,0,2,0.80
103,Haki,Vanguard,115.20,144,18,0,2,0.80
104,TH | winterdeadeye,Ascendant,115.20,180,33,0,3,0.64
105,TwelveGage,Ascendant,115.20,180,29,0,3,0.64
106,Pen5guin,Pinnacle (Highest Skill),115.00,115,15,0,1,1.00
107,Saki <3,Emergent,114.75,225,42,0,4,0.51
108,DaS8157,Emergent,114.75,225,65,0,4,0.51
109,blanK,Vanguard,112.80,141,25,0,2,0.80
110,ジム,Vanguard,112.80,141,29,0,2,0.80
111,旋風,Vanguard,112.80,141,21,0,2,0.80
112,fpsboone,Ascendant,112.64,176,50,0,3,0.64
113,R A P T U R E,Pinnacle (Highest Skill),112.00,112,13,0,1,1.00
114,zCrackdown,Pinnacle (Highest Skill),112.00,112,5,0,1,1.00
115,Regen,Emergent,111.18,218,56,0,4,0.51
116,hatch,Vanguard,110.40,138,34,0,2,0.80
117,bradyvision,Challengers,110.29,269,38,0,5,0.41
118,NickatNi7e,Challengers,110.29,269,67,0,5,0.41
119,XHANABUSER,Vanguard,109.60,137,11,0,2,0.80
120,Cyferzn,Vanguard,109.60,137,24,0,2,0.80
121,MJ5044,Ascendant,109.44,171,7,0,3,0.64
122,Calbeast,Ascendant,109.44,171,21,0,3,0.64
123,YANKEE 6 XRAY,Ascendant,109.44,171,45,0,3,0.64
124,FSU_IamAtomicTV,Challengers,108.65,265,52,0,5,0.41
125,Saaaber,Challengers,108.65,265,53,0,5,0.41
126,Syndicate50,Challengers,108.65,265,41,0,5,0.41
127,Waly,Ascendant,108.16,169,46,0,3,0.64
128,Indy,Ascendant,108.16,169,29,0,3,0.64
129,US-Fakezi,Ascendant,107.52,168,24,0,3,0.64
130,EST Wattzz,Vanguard,107.20,134,18,0,2,0.80
131,indigocross92,Emergent,105.57,207,19,0,4,0.51
132,zourafa12,Emergent,105.57,207,52,0,4,0.51
133,F5 | Stabjackal TTV,Ascendant,104.32,163,8,0,3,0.64
134,TheHeuman,Pinnacle (Highest Skill),103.00,103,9,0,1,1.00
135,TurtlFPS,Vanguard,102.40,128,19,0,2,0.80
136,OniHeishiVT,Emergent,100.98,198,39,0,4,0.51
137,muchmixture9,Emergent,100.98,198,15,0,4,0.51
138,AllieFPS | Twitch,Pinnacle (Highest Skill),100.00,100,13,0,1,1.00
139,waz ee,Pinnacle (Highest Skill),100.00,100,16,0,1,1.00
140,uhPrxzn,Pinnacle (Highest Skill),100.00,100,24,0,1,1.00
141,NRG ltto.,Vanguard,99.20,124,14,0,2,0.80
142,Baughty,Challengers,97.99,239,49,0,5,0.41
143,HaKobo,Challengers,97.99,239,45,0,5,0.41
144,GGMantisToboggan,Challengers,97.99,239,36,0,5,0.41
145,BaM_Clutch,Ascendant,97.92,153,25,0,3,0.64
146,iiRonnoc,Ascendant,97.92,153,30,0,3,0.64
147,J DAWG,Ascendant,97.92,153,27,0,3,0.64
148,chill guy kien,Challengers,97.58,238,30,0,5,0.41
149,F5|GsQ BloomDion,Pinnacle (Highest Skill),97.00,97,16,0,1,1.00
150,m2,Vanguard,96.80,121,8,0,2,0.80
151,amon,Vanguard,96.00,120,28,0,2,0.80
152,Truth,Vanguard,96.00,120,18,0,2,0.80
153,Hobojo,Emergent,95.88,188,35,0,4,0.51
154,weird fishes,Vanguard,95.20,119,27,0,2,0.80
155,Aero,Vanguard,95.20,119,21,0,2,0.80
156,Hova,Challengers,95.12,232,42,0,5,0.41
157,DWE Parcifal,Challengers,95.12,232,43,0,5,0.41
158,goddamnironman,Challengers,95.12,232,32,0,5,0.41
159,DWE Mango,Challengers,94.71,231,43,0,5,0.41
160,ENVYxSkillet,Vanguard,92.80,116,20,0,2,0.80
161,TGUN_Turtle,Vanguard,92.80,116,19,0,2,0.80
162,THEOZINBOY,Pinnacle (Highest Skill),92.00,92,20,0,1,1.00
163,Heret1c,Vanguard,92.00,115,30,0,2,0.80
164,asome005,Challengers,91.43,223,47,0,5,0.41
165,I_am_that_guy_59,Challengers,91.43,223,20,0,5,0.41
166,AmericanMan,Vanguard,91.20,114,10,0,2,0.80
167,Sleeping,Pinnacle (Highest Skill),90.00,90,11,0,1,1.00
168,Penguinii,Pinnacle (Highest Skill),90.00,90,20,0,1,1.00
169,BobbyBooshayy,Emergent,89.76,176,26,0,4,0.51
170,pat,Emergent,89.76,176,34,0,4,0.51
171,Scarab6232,Emergent,89.76,176,18,0,4,0.51
172,StoneSpy946,Emergent,89.76,176,30,0,4,0.51
173,Kevin,Ascendant,88.96,139,42,0,3,0.64
174,ImTheBigFork,Vanguard,88.80,111,24,0,2,0.80
175,Xzavier,Vanguard,88.80,111,27,0,2,0.80
176,BklynzKilla90,Vanguard,88.80,111,22,0,2,0.80
177,Wolfer,Vanguard,88.80,111,27,0,2,0.80
178,Eclipsie13,Vanguard,88.80,111,9,0,2,0.80
179,Gator Needs His Gat,Emergent,88.23,173,35,0,4,0.51
180,twitch.tv/apguapo,Vanguard,88.00,110,40,0,2,0.80
181,imCBITS,Vanguard,87.20,109,25,0,2,0.80
182,Xyrosec,Ascendant,87.04,136,23,0,3,0.64
183,Mysteryz,Pinnacle (Highest Skill),87.00,87,20,0,1,1.00
184,F5 | Big Ab,Pinnacle (Highest Skill),87.00,87,24,0,1,1.00
185,EXL Unordinary ekiM,Vanguard,86.40,108,12,0,2,0.80
186,///Mikey,Ascendant,86.40,135,23,0,3,0.64
187,[Experimental AI Bot]29.319.17,Ascendant,86.40,135,24,0,3,0.64
188,CantGetAway,Pinnacle (Highest Skill),86.00,86,11,0,1,1.00
189,HotKnockz,Pinnacle (Highest Skill),86.00,86,24,0,1,1.00
190,@ArtemisGG_,Emergent,85.17,167,19,0,4,0.51
191,Mootzel,Emergent,84.66,166,37,0,4,0.51
192,FSU_TacticalMyst,Challengers,84.05,205,26,0,5,0.41
193,Graffix,Vanguard,82.40,103,8,0,2,0.80
194,TONYPIKACHU,Vanguard,82.40,103,12,0,2,0.80
195,ZeroGLHF,Vanguard,82.40,103,11,0,2,0.80
196,Unix_IRL,Vanguard,81.60,102,17,0,2,0.80
197,chris k,Pinnacle (Highest Skill),81.00,81,14,0,1,1.00
198,DEKTA_TTV,Vanguard,80.80,101,21,0,2,0.80
199,Exillade,Ascendant,80.00,125,22,0,3,0.64
200,Coveted Yams,Challengers,79.54,194,24,0,5,0.41
201,Eppie,Emergent,79.05,155,18,0,4,0.51
202,boobert,Emergent,78.54,154,44,0,4,0.51
203,Twitch | lAlliegatorl,Vanguard,78.40,98,16,0,2,0.80
204,fyf,Vanguard,78.40,98,14,0,2,0.80
205,CG BilliardHorn,Emergent,77.52,152,16,0,4,0.51
206,Kolosusx,Emergent,77.01,151,28,0,4,0.51
207,Nedlock ネドロック,Vanguard,76.00,95,17,0,2,0.80
208,:O,Emergent,75.99,149,27,0,4,0.51
209,Kitkat >:),Emergent,75.99,149,25,0,4,0.51
210,Bolbi Stroganovsky,Emergent,75.99,149,22,0,4,0.51
211,TH | BalynceLIVE,Ascendant,75.52,118,31,0,3,0.64
212,s,Vanguard,75.20,94,16,0,2,0.80
213,ehayes121,Challengers,75.03,183,42,0,5,0.41
214,Frogs,Emergent,74.46,146,34,0,4,0.51
215,K1ng13east,Emergent,74.46,146,20,0,4,0.51
216,SOAK Palms,Ascendant,74.24,116,19,0,3,0.64
217,MoistKnight2443,Challengers,74.21,181,24,0,5,0.41
218,Bungus Elite,Emergent,72.42,142,23,0,4,0.51
219,FTB | Hunkulesss,Challengers,72.16,176,27,0,5,0.41
220,FTB | steph,Challengers,72.16,176,24,0,5,0.41
221,ayla,Ascendant,71.68,112,15,0,3,0.64
222,ClarkGriswold,Ascendant,71.68,112,19,0,3,0.64
223,Cherm,Emergent,71.40,140,18,0,4,0.51
224,Karnivorrr,Challengers,70.52,172,17,0,5,0.41
225,TheGunner2533,Challengers,70.52,172,26,0,5,0.41
226,Majeta23,Vanguard,70.40,88,8,0,2,0.80
227,furryCheese,Vanguard,70.40,88,17,0,2,0.80
228,Frijol3s03,Vanguard,69.60,87,19,0,2,0.80
229,Eddy,Vanguard,69.60,87,10,0,2,0.80
230,F5 | ntROZE,Vanguard,69.60,87,21,0,2,0.80
231,ChefMike,Emergent,69.36,136,26,0,4,0.51
232,el diablo rojo,Ascendant,69.12,108,12,0,3,0.64
233,HecTicAstro,Ascendant,69.12,108,20,0,3,0.64
234,phokkyu,Emergent,68.85,135,14,0,4,0.51
235,Potter,Emergent,68.85,135,42,0,4,0.51
236,SoleSky,Emergent,68.85,135,14,0,4,0.51
237,Pxrmafrxstt,Pinnacle (Highest Skill),68.00,68,10,0,1,1.00
238,Haightful,Ascendant,67.84,106,12,0,3,0.64
239,offkilter,Ascendant,67.84,106,21,0,3,0.64
240,KfroJenner69,Ascendant,67.84,106,20,0,3,0.64
241,Diadem2721|Live,Ascendant,67.84,106,12,0,3,0.64
242,FALN | Stats,Challengers,67.65,165,29,0,5,0.41
243,EagleUSA,Challengers,67.65,165,27,0,5,0.41
244,Sithopher,Challengers,67.65,165,18,0,5,0.41
245,AngryS0da,Emergent,67.32,132,23,0,4,0.51
246,Enderphor,Challengers,67.24,164,44,0,5,0.41
247,1L Fallen,Vanguard,67.20,84,19,0,2,0.80
248,LVS_Falcon,Vanguard,66.40,83,11,0,2,0.80
249,Medic x Frieren,Vanguard,66.40,83,12,0,2,0.80
250,XEL.Bpsword.Twitch,Ascendant,65.92,103,14,0,3,0.64
251,CJtoSmooth,Ascendant,65.92,103,19,0,3,0.64
252,100T sheppyk9,Tendies (Lowest Skill),65.67,199,44,0,6,0.33
253,iiNovationii,Tendies (Lowest Skill),65.67,199,18,0,6,0.33
254,RAGNA_Viper,Tendies (Lowest Skill),65.67,199,43,0,6,0.33
255,DWE TTV Teach Da Youth,Challengers,65.19,159,21,0,5,0.41
256,JEK,Emergent,64.77,127,32,0,4,0.51
257,TsF MonTy,Tendies (Lowest Skill),64.68,196,27,0,6,0.33
258,Doctor Eloc,Tendies (Lowest Skill),64.68,196,49,0,6,0.33
259,[DAD] Nars Lootbaar,Tendies (Lowest Skill),64.68,196,20,0,6,0.33
260,PRDX_kraknn,Challengers,63.96,156,30,0,5,0.41
261,PRDX_Ayywire,Challengers,63.96,156,26,0,5,0.41
262,PRDX_Jokr,Challengers,63.96,156,32,0,5,0.41
263,laceycs,Emergent,63.24,124,20,0,4,0.51
264,ChaosGoesLive,Emergent,62.73,123,31,0,4,0.51
265,RBD yonewdaddy,Challengers,62.73,153,23,0,5,0.41
266,RBD Hound,Challengers,62.73,153,13,0,5,0.41
267,the-optimistic-stoic,Ascendant,62.72,98,16,0,3,0.64
268,Hurt,Tendies (Lowest Skill),62.37,189,29,0,6,0.33
269,YoTakeItEezy,Tendies (Lowest Skill),62.37,189,16,0,6,0.33
270,uFears,Tendies (Lowest Skill),62.37,189,66,0,6,0.33
271,Figgy14,Challengers,62.32,152,25,0,5,0.41
272,MaschidezinTV,Challengers,62.32,152,14,0,5,0.41
273,i miss her,Vanguard,61.60,77,13,0,2,0.80
274,G2theRiffin,Challengers,61.50,150,30,0,5,0.41
275,Raz,Emergent,61.20,120,23,0,4,0.51
276,Chudbudwalker,Emergent,61.20,120,25,0,4,0.51
277,claud,Tendies (Lowest Skill),60.72,184,36,0,6,0.33
278,I3otox_,Tendies (Lowest Skill),60.72,184,30,0,6,0.33
279,Supreme,Emergent,60.69,119,20,0,4,0.51
280,impish,Emergent,60.69,119,22,0,4,0.51
281,波打つヘッドハンタ,Vanguard,60.00,75,8,0,2,0.80
282,HA1L RG3,Challengers,59.86,146,29,0,5,0.41
283,snowyday_,Tendies (Lowest Skill),59.73,181,24,0,6,0.33
284,x_howdie_x,Tendies (Lowest Skill),59.73,181,47,0,6,0.33
285,negativerush,Tendies (Lowest Skill),59.73,181,19,0,6,0.33
286,AS1AN M1KE,Challengers,59.45,145,23,0,5,0.41
287,estrella,Vanguard,59.20,74,9,0,2,0.80
288,FTB | SliceOfJAO,Challengers,59.04,144,19,0,5,0.41
289,SilentRyft,Pinnacle (Highest Skill),59.00,59,20,0,1,1.00
290,Beanboy,Emergent,58.65,115,24,0,4,0.51
291,Hud,Emergent,58.65,115,15,0,4,0.51
292,rrroselia,Emergent,58.14,114,13,0,4,0.51
293,@Arise__FPS,Pinnacle (Highest Skill),58.00,58,12,0,1,1.00
294,JuiceboxSlays (washed),Challengers,57.81,141,38,0,5,0.41
295,AverageDrae,Challengers,57.81,141,17,0,5,0.41
296,StingraySlapper,Challengers,57.81,141,24,0,5,0.41
297,FALN | JohnnyK,Challengers,57.40,140,30,0,5,0.41
298,Tay,Ascendant,55.68,87,14,0,3,0.64
299,Durxy,Pinnacle (Highest Skill),55.00,55,11,0,1,1.00
300,jo_morales7,Emergent,54.06,106,8,0,4,0.51
301,JO x claw,Emergent,54.06,106,13,0,4,0.51
302,BACKSP4CEッ,Pinnacle (Highest Skill),54.00,54,13,0,1,1.00
303,caro,Pinnacle (Highest Skill),54.00,54,13,0,1,1.00
304,SolisStreams,Challengers,53.71,131,41,0,5,0.41
305,XI PuGz,Emergent,53.55,105,27,0,4,0.51
306,Bsteph13,Challengers,53.30,130,13,0,5,0.41
307,Apogaeon,Vanguard,52.80,66,3,0,2,0.80
308,MayBPh8L,Emergent,52.53,103,7,0,4,0.51
309,RBD | Toonz,Challengers,52.48,128,33,0,5,0.41
310,bookworm669,Emergent,52.02,102,22,0,4,0.51
311,BakedPotato1213,Emergent,51.51,101,13,0,4,0.51
312,The Real Slim Shady,Tendies (Lowest Skill),50.16,152,43,0,6,0.33
313,DosEquisMan,Tendies (Lowest Skill),50.16,152,37,0,6,0.33
314,zG_Stifle,Challengers,49.61,121,36,0,5,0.41
315,Hollenberger,Vanguard,49.60,62,8,0,2,0.80
316,OpNate,Ascendant,49.28,77,23,0,3,0.64
317,Medic x HUNTR/X,Pinnacle (Highest Skill),49.00,49,7,0,1,1.00
318,A,Vanguard,48.80,61,14,0,2,0.80
319,Zorro,Pinnacle (Highest Skill),48.00,48,11,0,1,1.00
320,mer,Tendies (Lowest Skill),47.85,145,22,0,6,0.33
321,Becka,Tendies (Lowest Skill),47.85,145,30,0,6,0.33
322,MyrtleSquirtle,Tendies (Lowest Skill),47.85,145,28,0,6,0.33
323,Greywaren99,Challengers,47.56,116,17,0,5,0.41
324,EXL_LEEROYY,Vanguard,47.20,59,15,0,2,0.80
325,Astris86,Pinnacle (Highest Skill),47.00,47,8,0,1,1.00
326,MikieDelliii,Tendies (Lowest Skill),44.88,136,20,0,6,0.33
327,JackHeDoesIt,Tendies (Lowest Skill),44.88,136,23,0,6,0.33
328,BossBBALLER101,Tendies (Lowest Skill),44.88,136,12,0,6,0.33
329,Rvo,Vanguard,44.80,56,14,0,2,0.80
330,SlyTitan,Pinnacle (Highest Skill),44.00,44,13,0,1,1.00
331,Meepmoe6,Tendies (Lowest Skill),43.89,133,21,0,6,0.33
332,A_MF_Queen,Tendies (Lowest Skill),43.56,132,27,0,6,0.33
333,TTV/Fishiness,Challengers,43.46,106,26,0,5,0.41
334,Dom,Vanguard,43.20,54,10,0,2,0.80
335,Drizzy,Pinnacle (Highest Skill),43.00,43,16,0,1,1.00
336,Poptart,Emergent,42.33,83,15,0,4,0.51
337,Revy2hands,Emergent,42.33,83,14,0,4,0.51
338,OE_MrBr0jangless,Tendies (Lowest Skill),42.24,128,22,0,6,0.33
339,snatched lime9,Pinnacle (Highest Skill),41.00,41,8,0,1,1.00
340,splitbomb33,Challengers,40.18,98,10,0,5,0.41
341,RG Adam10,Tendies (Lowest Skill),39.60,120,15,0,6,0.33
342,RG_ItsNick,Tendies (Lowest Skill),39.60,120,16,0,6,0.33
343,RG_CPTMurph24,Tendies (Lowest Skill),39.60,120,14,0,6,0.33
344,Miriahkay19,Challengers,38.13,93,21,0,5,0.41
345,EXL_KNGKUMO,Pinnacle (Highest Skill),38.00,38,10,0,1,1.00
346,EXL_FLYXSS,Pinnacle (Highest Skill),38.00,38,2,0,1,1.00
347,narwhal,Tendies (Lowest Skill),37.95,115,21,0,6,0.33
348,A_Fox_With_Sox,Tendies (Lowest Skill),37.62,114,17,0,6,0.33
349,eR4Ticate13,Tendies (Lowest Skill),37.62,114,24,0,6,0.33
350,lonewolf4114,Tendies (Lowest Skill),37.62,114,19,0,6,0.33
351,iklipsa,Ascendant,37.12,58,19,0,3,0.64
352,groupty,Pinnacle (Highest Skill),37.00,37,6,0,1,1.00
353,Keosha,Tendies (Lowest Skill),36.63,111,15,0,6,0.33
354,Krit,Tendies (Lowest Skill),36.63,111,36,0,6,0.33
355,siyoshiwakona,Emergent,36.21,71,14,0,4,0.51
356,WhySoSweatyy,Challengers,35.67,87,22,0,5,0.41
357,addedayo,Tendies (Lowest Skill),35.64,108,28,0,6,0.33
358,amieable,Tendies (Lowest Skill),35.31,107,15,0,6,0.33
359,Samus54,Tendies (Lowest Skill),35.31,107,17,0,6,0.33
360,Yarfy,Vanguard,34.40,43,8,0,2,0.80
361,Joe Dirt,Ascendant,33.28,52,6,0,3,0.64
362,NuTTy,Pinnacle (Highest Skill),33.00,33,8,0,1,1.00
363,SpectacularlyAvg,Challengers,32.39,79,19,0,5,0.41
364,JRobx,Challengers,32.39,79,15,0,5,0.41
365,Jack,Tendies (Lowest Skill),32.34,98,36,0,6,0.33
366,Sammie,Tendies (Lowest Skill),32.34,98,9,0,6,0.33
367,Prosperitv,Tendies (Lowest Skill),32.34,98,17,0,6,0.33
368,mildly boof,Tendies (Lowest Skill),32.01,97,14,0,6,0.33
369,Slim_Thor on twitch,Tendies (Lowest Skill),32.01,97,18,0,6,0.33
370,Kbertabifida,Tendies (Lowest Skill),32.01,97,16,0,6,0.33
371,Moolboyrk,Pinnacle (Highest Skill),32.00,32,4,0,1,1.00
372,FSC | shape,Tendies (Lowest Skill),31.68,96,14,0,6,0.33
373,FSC | SantaKlaus,Tendies (Lowest Skill),31.68,96,29,0,6,0.33
374,FSC | Fishiness,Tendies (Lowest Skill),31.68,96,21,0,6,0.33
375,Keko75FTW,Tendies (Lowest Skill),31.35,95,23,0,6,0.33
376,Nilak,Tendies (Lowest Skill),31.35,95,5,0,6,0.33
377,KindKitten14,Vanguard,31.20,39,8,0,2,0.80
378,ZorraAssassin,Vanguard,31.20,39,10,0,2,0.80
379,DirtyVerdy_,Tendies (Lowest Skill),31.02,94,18,0,6,0.33
380,o7 o7 o7,Pinnacle (Highest Skill),31.00,31,5,0,1,1.00
381,Broom,Pinnacle (Highest Skill),31.00,31,4,0,1,1.00
382,avoid,Pinnacle (Highest Skill),30.00,30,10,0,1,1.00
383,Kozmohs1,Pinnacle (Highest Skill),30.00,30,9,0,1,1.00
384,h u s k y,Tendies (Lowest Skill),29.70,90,12,0,6,0.33
385,RetroMrLiquid,Tendies (Lowest Skill),29.70,90,7,0,6,0.33
386,CheezySlice,Tendies (Lowest Skill),29.70,90,21,0,6,0.33
387,CasualRobi,Vanguard,29.60,37,6,0,2,0.80
388,FALN | cwelk,Challengers,29.52,72,12,0,5,0.41
389,Luzer,Emergent,29.07,57,7,0,4,0.51
390,Arc_PC,Pinnacle (Highest Skill),29.00,29,5,0,1,1.00
391,DunnoU,Pinnacle (Highest Skill),29.00,29,1,0,1,1.00
392,tso,Pinnacle (Highest Skill),29.00,29,2,0,1,1.00
393,mind goblin,Vanguard,28.80,36,8,0,2,0.80
394,WarsZ,Vanguard,28.80,36,2,0,2,0.80
395,JFairo,Ascendant,28.80,45,12,0,3,0.64
396,OE_remydees,Tendies (Lowest Skill),28.05,85,19,0,6,0.33
397,Deltuh,Vanguard,28.00,35,7,0,2,0.80
398,Inoriboob,Vanguard,28.00,35,7,0,2,0.80
399,SpaceGhostXero,Vanguard,28.00,35,7,0,2,0.80
400,Nyamea,Vanguard,27.20,34,3,0,2,0.80
401,@YoJokerz,Pinnacle (Highest Skill),27.00,27,6,0,1,1.00
402,TTV Bubble,Vanguard,26.40,33,3,0,2,0.80
403,Childish,Vanguard,26.40,33,11,0,2,0.80
404,MHM_MrBr0janglessTTV,Vanguard,26.40,33,6,0,2,0.80
405,ENCRYPTED8704,Ascendant,26.24,41,4,0,3,0.64
406,gruesome_b1,Emergent,26.01,51,4,0,4,0.51
407,dash in retirement,Pinnacle (Highest Skill),26.00,26,6,0,1,1.00
408,Evoke,Pinnacle (Highest Skill),26.00,26,3,0,1,1.00
409,OE_UselessRoyalty,Tendies (Lowest Skill),25.74,78,10,0,6,0.33
410,angrySandy,Emergent,25.50,50,4,0,4,0.51
411,JustVibing4829,Pinnacle (Highest Skill),25.00,25,2,0,1,1.00
412,nathanbradley54,Challengers,24.60,60,2,0,5,0.41
413,No Brain,Pinnacle (Highest Skill),24.00,24,7,0,1,1.00
414,m3a0w,Pinnacle (Highest Skill),24.00,24,3,0,1,1.00
415,CG honeybee aries,Vanguard,23.20,29,4,0,2,0.80
416,twitch.tv/ruiin999,Pinnacle (Highest Skill),23.00,23,8,0,1,1.00
417,JustTam1r-TTV,Challengers,22.96,56,10,0,5,0.41
418,HTL Danikay,Tendies (Lowest Skill),22.11,67,4,0,6,0.33
419,ジマー,Pinnacle (Highest Skill),22.00,22,3,0,1,1.00
420,Uorax,Pinnacle (Highest Skill),22.00,22,4,0,1,1.00
421,RedTerror,Emergent,21.93,43,10,0,4,0.51
422,AP985,Challengers,21.73,53,4,0,5,0.41
423,l0tusStar,Vanguard,21.60,27,3,0,2,0.80
424,WALLSHIFT,Vanguard,21.60,27,1,0,2,0.80
425,rukaaiscool556,Pinnacle (Highest Skill),20.00,20,3,0,1,1.00
426,Kaezuh,Vanguard,20.00,25,7,0,2,0.80
427,Natems1717,Ascendant,19.20,30,0,0,3,0.64
428,ac__ca\vt.hctiwt,Pinnacle (Highest Skill),18.00,18,3,0,1,1.00
429,Croh,Tendies (Lowest Skill),17.82,54,6,0,6,0.33
430,Deadbok_666,Tendies (Lowest Skill),17.82,54,3,0,6,0.33
431,ramshackle786,Tendies (Lowest Skill),17.16,52,5,0,6,0.33
432,ctrl,Pinnacle (Highest Skill),17.00,17,3,0,1,1.00
433,alphabet,Tendies (Lowest Skill),16.50,50,11,0,6,0.33
434,Gible,Tendies (Lowest Skill),16.50,50,13,0,6,0.33
435,Monke,Tendies (Lowest Skill),16.50,50,6,0,6,0.33
436,OverratedMax,Pinnacle (Highest Skill),16.00,16,0,0,1,1.00
437,BlueGreek,Ascendant,15.36,24,4,0,3,0.64
438,TTV | Astris86,Ascendant,15.36,24,10,0,3,0.64
439,SwiftieC,Tendies (Lowest Skill),14.52,44,4,0,6,0.33
440,7157-8414-2998 on Pokemon Go,Emergent,14.28,28,3,0,4,0.51
441,PING CRUSADER,Pinnacle (Highest Skill),14.00,14,2,0,1,1.00
442,Droptimus Prime ツ,Emergent,13.77,27,6,0,4,0.51
443,swagstrfather420,Challengers,13.12,32,5,0,5,0.41
444,harry,Vanguard,12.80,16,7,0,2,0.80
445,lookn4ahopup,Emergent,12.24,24,2,0,4,0.51
446,hyper o7,Pinnacle (Highest Skill),12.00,12,4,0,1,1.00
447,MissingJibbs,Emergent,11.73,23,4,0,4,0.51
448,Lime Grass 0,Emergent,11.22,22,3,0,4,0.51
449,Huntingfool,Emergent,11.22,22,2,0,4,0.51
450,Aquamarine,Vanguard,11.20,14,3,0,2,0.80
451,Secrets™,Pinnacle (Highest Skill),11.00,11,2,0,1,1.00
452,Big Daddy Busch,Challengers,10.66,26,6,0,5,0.41
453,GN700TM,Tendies (Lowest Skill),9.90,30,2,0,6,0.33
454,QWERTY,Ascendant,9.60,15,1,0,3,0.64
455,Kerckhaert,Tendies (Lowest Skill),9.24,28,1,0,6,0.33
456,l Belfour l20l,Tendies (Lowest Skill),9.24,28,4,0,6,0.33
457,zewski,Emergent,9.18,18,4,0,4,0.51
458,tuna!,Pinnacle (Highest Skill),9.00,9,1,0,1,1.00
459,iButterMyBreadWB,Pinnacle (Highest Skill),9.00,9,0,0,1,1.00
460,DareOGK on Twitch,Pinnacle (Highest Skill),9.00,9,1,0,1,1.00
461,Jubella,Challengers,8.61,21,1,0,5,0.41
462,gmail@ec_doom.com,Tendies (Lowest Skill),8.25,25,0,0,6,0.33
463,DreadWolf303,Tendies (Lowest Skill),8.25,25,1,0,6,0.33
464,QP,Vanguard,8.00,10,1,0,2,0.80
465,Heathclips_,Emergent,7.65,15,1,0,4,0.51
466,DangrClxse,Challengers,6.97,17,2,0,5,0.41
467,Nando,Emergent,6.63,13,4,0,4,0.51
468,Sam,Challengers,6.56,16,5,0,5,0.41
469,TexasTrash9,Tendies (Lowest Skill),5.61,17,1,0,6,0.33
470,RogueKielbasa,Emergent,4.08,8,0,0,4,0.51
471,OE Hoodie,Tendies (Lowest Skill),2.64,8,0,0,6,0.33
472,ice tickle,Vanguard,2.40,3,0,0,2,0.80
473,Toasty,Pinnacle (Highest Skill),2.00,2,0,0,1,1.00
474,萧瑟,Pinnacle (Highest Skill),2.00,2,1,0,1,1.00
475,xJBeach,Emergent,1.53,3,0,0,4,0.51
476,IVIonty,Emergent,1.53,3,1,0,4,0.51
477,IGY6 theeJambro,Pinnacle (Highest Skill),1.00,1,0,0,1,1.00
478,WaBBiT,Pinnacle (Highest Skill),0.00,0,0,0,1,1.00
