en,Team Name,Team Captain Discord Username(s),Rostered Player 1 Discord Username,Rostered Player 1 Overstat Link,Rostered Player 1 In-Game-Name (this needs to be the same for every match day),Rostered Player 2 Discord Username,Rostered Player 2 Overstat Link,Rostered Player 2 In-Game-Name (this needs to be the same for every match day),Rostered Player 3 Discord Username,Rostered Player 3 Overstat Link,Rostered Player 3 In-Game-Name (this needs to be the same for every match day),Have you and your teammates played in Void Apex leagues before? (this does not include scrims/community events),How familiar is your team with competitive apex?,What is the average rank of your team?,What platform does your team play on?,,
26/03/2025 16:38:12,Waffle Cone,"tsfmonty, stabjackal, exillade",tsfmonty,https://overstat.gg/player/1120369.tsfmonty/overview,tsfmonty,stabjackal,https://overstat.gg/player/1065768.F5%20%7C%20Stabjackal%20TTV/overview,F5 | Stabjackal | TTV,Exillade,https://overstat.gg/player/2170808.Exillade/overview,Exillade,"Yes, all 3 have",5,Platinum,All PC,,3 Returning Players
26/03/2025 16:57:55,ByFire,Slytitan,Slytitan,https://overstat.gg/player/286740/overview,BYF SlyTitan,Lau,https://overstat.gg/player/749175/overview,BYF Lau,YoJokerz,https://overstat.gg/player/74046.ONYX%20YoJokerzz/overview,YoJokerz,"Yes, all 3 have",5,Masters,All PC,,1 Returning Player
26/03/2025 17:14:07,FALN,ftf_johnny,Stats,https://overstat.gg/player/1585402.MOTL%20%7C%20Stats/overview,FALN | Stats,Cwelk,https://overstat.gg/player/753179.Miriahkay19/overview,FALN | Cwelk,Johnny,https://overstat.gg/player/307553.JohnnyK/overview,FALN | Johnny,"Yes, all 3 have",4,Diamond,"Some PC, some console",,New Players
26/03/2025 17:33:32,The Cult,zourafa12,zourafa12,https://overstat.gg/player/1035913/overview,zourafa12,bugg8751,https://overstat.gg/player/1035914/overview,laceycs,indigocross92,https://overstat.gg/player/961161/overview,indigocross92,"Yes, all 3 have",5,Diamond,"Some PC, some console",,
26/03/2025 17:36:27,Dino Nugs,Tay,Tay,https://overstat.gg/player/91574.Tay/overview,Tay,ClarkGriswold,https://overstat.gg/player/195436.ClarkGriswold/overview,ClarkGriswold,ayla,https://overstat.gg/player/192627.ayla/overview,ayla,"Yes, all 3 have",5,Diamond,All PC,,
26/03/2025 17:40:00,BoysNightOut,KindlyMonkey,KindlyMonkey,https://overstat.gg/player/2887074.BNO_KindlyMonkey/overview,KindlyMonkey,Meepmoe6,https://overstat.gg/player/3305957/overview,Meepmoe6,Dayo,https://overstat.gg/player/3588505.rocky1234-oderin/overview,Rocky1234-oderin,"1 of us has, 2 have not",4,Platinum,"Some PC, some console",,
26/03/2025 17:40:12,Bots,Ace,Ace,https://overstat.gg/player/753386.Viva%20Acee/overview,Viva Acee,vivagrad,https://overstat.gg/player/753387.Viva%20Grad/overview,Viva Grad,thrax8273,https://overstat.gg/player/3345013.Bigg%20thrax/overview,Bigg Thrax,"Yes, all 3 have",4,Gold,"Some PC, some console",,
26/03/2025 17:40:43,Hooligang,C0ozer,C0ozer,https://overstat.gg/player/110159.@C0ozer/overview,@C0ozer,moonfx,https://overstat.gg/player/291.MoonFX/overview,MoonFX,nevanthejaraffe,https://overstat.gg/player/1918.NEVANtheJARAFFE/overview,NEVANtheJARAFFE,"Yes, all 3 have",5,Masters,All PC,,
26/03/2025 17:42:34,Just Worse,negativarush,negativarush,https://overstat.gg/player/2014152.negativarush/overview,negativarush,Greywaren99,https://overstat.gg/player/2113009.Greywaren99/overview,greywaren99,Samus54,https://overstat.gg/player/2221517.Samus54/overview,Samus54,"Yes, all 3 have",3,Platinum,"Some PC, some console",,
26/03/2025 17:45:32,Hangin' Brain,hpandthesorcerorstiddy,hpandthesorcerorstiddy,https://overstat.gg/player/3087364.:O/overview,:O,Twixbarky,https://overstat.gg/player/3335657.Kitkat%20%20%3E:)/overview,KitKat >:),Mauser,https://overstat.gg/player/3335658/overview,Bolbi Stroganovsky,"Yes, all 3 have",3,Platinum,All PC,,
26/03/2025 17:46:48,Turbo Shandy,WhySoSweaty,WhySoSweaty,https://overstat.gg/player/1383023.WhySoSweatyy/overview,WhySoSweatyy,splitbomb,https://overstat.gg/player/1383012.splitbomb33/overview,splitbomb33,JRob,https://overstat.gg/player/2000349.JRobx/overview,JRobx,"Yes, all 3 have",2,Platinum,All PC,,
26/03/2025 17:47:07,Exolved Esports,Keosha,Keosha,https://overstat.gg/player/129014.Ex%20Keosha/overview,Ex Keosha,Krit,https://overstat.gg/player/200087.Ex%20Krit/overview,Ex Krit,Xomandii,https://overstat.gg/player/1944788.Ex%20Mandii/overview,Ex Mandii,"Yes, all 3 have",5,Platinum,All PC,,
26/03/2025 17:48:28,Harry's Got 2 Dad's,GraffixFPS,GraffixFPS,https://overstat.gg/player/753161.Graffix/overview,Graffix,Heret1c,https://overstat.gg/player/205283.heret1c/overview,Heret1c,Muggso,https://overstat.gg/player/753162.LB%20Muggso/overview,Muggso,"2 of us have, 1 has not",4,Diamond,All PC,,
26/03/2025 17:48:46,Hells Kitchen,@arifgc,@arifgc,https://overstat.gg/player/1537644/overview,Ari?,@eclipse_eh,https://overstat.gg/player/287978/overview,Eclipse EH / Frank Newcastle,@saaaber,https://overstat.gg/player/21592/overview,Harry Poggers,"Yes, all 3 have",4,Diamond,All PC,,
26/03/2025 17:49:50,FCK,LastCall,LastCall,https://overstat.gg/player/407477.Lastcall/overview,LastCall,Shouli,https://overstat.gg/player/1405218/overview,Shouli,PGK,https://overstat.gg/player/2197834/overview,Land Loot Shoot,"Yes, all 3 have",5,Masters,All PC,,
26/03/2025 17:53:51,GAYMERTOWN,lumdum,lumdum,https://overstat.gg/player/77595/overview,lumdum,torch5926,https://overstat.gg/player/2112261/overview,Torch,l6mi,https://overstat.gg/player/405218.SoaR%20Lumi/overview,LUMI,"2 of us have, 1 has not",2,Gold,All PC,,
26/03/2025 17:54:16,The Backyard,ehayes121,ehayes121,https://overstat.gg/player/1621028.ehayes121/overview,ehayes121,moistknight. ,https://overstat.gg/player/1621027.MoistKnight2443/overview,MoistKnight2443,bsteph.,https://overstat.gg/player/2142410.Bsteph13/overview,Bsteph13,"Yes, all 3 have",5,Gold,All console,,
26/03/2025 17:54:51,Diamond Dawgs,olivergrant86,olivergrant86,https://overstat.gg/player/91580/overview,groliver86,crashingintomars,https://overstat.gg/player/117451/overview,Crash,mattyk3ng,https://overstat.gg/player/91580/overview,Mattyk3ng,"Yes, all 3 have",5,Diamond,All PC,,
26/03/2025 17:56:55,Rusty Animals,eR4Ticate13,eR4ticate13,https://overstat.gg/player/3380059.eR4Ticate13,eR4Ticate13,A_Fox_With_Sox,https://overstat.gg/player/3380058.A_Fox_With_Sox,A_Fox_With_Sox,FadingMetal69,https://overstat.gg/player/3380057.FadingMetal63,FadingMetal69,None of us have played in the void leagues before,4,Platinum,All console,,
26/03/2025 17:57:08,Happy2BeHere,TheMauFactor,Themaufactor,https://overstat.gg/player/317145/overview,Themaufactor,Goodlookingsean,https://overstat.gg/player/290364.@goodlookingsean/overview,Goodlookingsean,Raptureisland,https://overstat.gg/player/1055.RaptureIsland/overview,R A P T U R E,"Yes, all 3 have",5,Masters,All PC,,
26/03/2025 18:00:05,OMG we love apex ,Mereoleona.-.,Mereoleona.-.,https://overstat.gg/player/82449.mereoleona%3C3/overview,Mereoleona<3,Clockwork6881,https://overstat.gg/player/1113013/overview,Itzclockwork,Huckleberry2319,https://overstat.gg/player/2471367/overview,Nightnight19,"2 of us have, 1 has not",5,Diamond,All PC,,
26/03/2025 18:05:59,Osaka,spaceman,spaceman,https://overstat.gg/player/2189472.spaceman/overview,spaceman,Eclipsie13,https://overstat.gg/player/2498880/overview,Eclipsie13_TTV,Winterdeadeye23,https://overstat.gg/player/146716.winterdeadeye23/overview,Winterdeadeye23,"Yes, all 3 have",5,Diamond,All PC,,
26/03/2025 18:13:34,Baked Goods,jek__23,jek__23,https://overstat.gg/player/999600.JEK/overview,JEK,ph8l,https://overstat.gg/player/182305.MayBPh8L/overview,MayBPh8l,bakedpotato1213,https://overstat.gg/player/324277.BakedPotato1213/overview,BakedPotato1213,"Yes, all 3 have",4,Platinum,All PC,,
26/03/2025 18:14:03,norf norf,delli._.,delli._.,https://overstat.gg/player/1344492.delli/overview,delli,curtoose,https://overstat.gg/player/1344490.Chocolate%20Shake%2030g%20Protein/overview,chocolate shake 30g protein,rbv_sk8ter,https://overstat.gg/player/1106843.twitch%20%7C%20rbv_sk8ter/overview,rbv_sk8ter,"1 of us has, 2 have not",5,Masters,All PC,,
26/03/2025 18:18:17,Torchers,Horax.,Horax.,https://overstat.gg/player/2876487/overview,Horax,eddyjr85,https://overstat.gg/player/295002.eddyjr85/overview,eddyjr85,Haki,https://overstat.gg/player/1111463.Haki/overview,Haki,"Yes, all 3 have",5,Diamond,All PC,,
26/03/2025 18:26:42,Code Leaf,"Lawlipawp, Tunada",Lawlipawp,https://overstat.gg/player/1614092.Lawlipawp/overview,Lawlipawp,Jinkx,https://overstat.gg/player/1614093/overview,Jinkx,Tunada,https://overstat.gg/player/1614094/overview,Tuna,"Yes, all 3 have",5,Platinum,All PC,,
26/03/2025 18:32:16,Patty Wagons,Magicc,Magicc,https://overstat.gg/player/3476577.Magicc/overview,Magicc,Jay.,https://overstat.gg/player/3476578.MyAlterEgoJay/overview,MyAlterEgoJay,ManiaxMatt,https://overstat.gg/player/3783259.ManiaxMatt/overview,ManiaxMatt,None of us have played in the void leagues before,3,Diamond,All PC,,
26/03/2025 18:47:09,Repulse Gaming,@itsnick27,RG_Itsnick,https://overstat.gg/player/163326.RG_ItsNick/overview,RG_ItsNick,AnbAdam10,https://overstat.gg/player/163042.RG%20Adam10/overview,RG Adam10,Parcifalog,https://overstat.gg/player/910643.RG-Parcifal/overview,RG-Parcifal,"Yes, all 3 have",3,Diamond,All console,,
26/03/2025 18:56:49,TACO,"WarsZ, iwkiwnl",WarsZ,https://overstat.gg/player/2036912.WarsZ/overview,WarsZ,https://overstat.gg/player/290366.ZumiL/overview,iwk-iwnl-,ZumiL,coliiingo,https://overstat.gg/player/2290823.ElAnonymous/overview,ElAnonymous,None of us have played in the void leagues before,5,Masters,All PC,,
26/03/2025 19:34:36,Maet Xepa,find0utt_TTV,find0utt_TTV,https://overstat.gg/player/255551.find0utt_TTV/overview,find0utt_TTV,emptheproto,https://overstat.gg/player/1003330.EMPTheProto%20on%20twitch/overview,EMPTheProto | Twitch,kevin100000,https://overstat.gg/player/2412059.Kexis_Arijia/overview,kevin,"Yes, all 3 have",5,Diamond,All PC,,
26/03/2025 20:25:42,Bober,@ButterMyBreadWB,@ButterMyBreadWB,https://overstat.gg/player/1714435.Buttermybreadwbb/overview,iButterMyBreadWB,@Slump,https://overstat.gg/player/519108/overview,Slumpypoo,Argonaut,https://overstat.gg/player/332849/overview,Argonaut,"Yes, all 3 have",5,Masters,"Some PC, some console",,
26/03/2025 21:24:02,Top Whiffers,brando commando,brandocommando9893,https://overstat.gg/player/1410480.BrandoCommando/overview,BrandoCommando,thedark_king124,https://overstat.gg/player/1486411/overview,Pen5guin,epickiller17,https://overstat.gg/player/1628488/overview,epickiller17,"Yes, all 3 have",4,Diamond,All PC,,
26/03/2025 22:08:40,2CG1S,oalios,oalios,https://overstat.gg/player/965622/overview,oalios,nicky._,https://overstat.gg/player/3329663/overview,Stupid cat girl≽^•⩊•^≼,winnieapex,https://overstat.gg/player/451353/overview,Winnie,"1 of us has, 2 have not",5,Masters,All PC,,
26/03/2025 22:40:32,SLO,Coswi,Maj,https://apexlegendsstatus.com/profile/PC/majestic760,Maj,ItsJustKyle,https://apexlegendsstatus.com/profile/PC/imjustkyle,ItsJustKyle,Coswi,https://overstat.gg/player/1058630.Pope%20Coswi/overview,Otter,"2 of us have, 1 has not",3,Bronze,"Some PC, some console",,
26/03/2025 22:44:59,Yams in Paris,Hova,ryan.yeah (Hova),https://overstat.gg/player/753391/overview,Hova,goddamnironman,https://overstat.gg/player/969984/overview,goddamnironman,Coveted Yams,https://overstat.gg/player/2237719/overview,Coveted Yams,"Yes, all 3 have",5,Diamond,All PC,,
26/03/2025 23:05:47,Rabid,tooonzz,tooonzz,https://overstat.gg/player/1010573/overview,Toonz,hound9572,https://overstat.gg/player/928044/overview,Hound,tphilly25,https://overstat.gg/player/925827/overview,YoNewDaddy,"Yes, all 3 have",4,Diamond,All PC,,
26/03/2025 23:41:01,Gay Agenda,neodeye,neodeye,https://overstat.gg/player/1003334/overview,SC neodeye,ryuzamarage,https://overstat.gg/player/715/overview,RyuzamaRage-Noice,thedanikay,https://overstat.gg/player/1101024/overview,Danikay,"2 of us have, 1 has not",2,Platinum,All PC,,
26/03/2025 23:47:29,Thr333Amigos,x_howdie_x,x_howdie_x,https://overstat.gg/player/519448.x_howdie_x/overview,x_howdie_x,snowyday,https://overstat.gg/player/47783.snowyday_/overview,snowyday_,luke3o4,no overstat,Ozempic Fiend,"2 of us have, 1 has not",3,Platinum,All PC,,
26/03/2025 23:52:07,MOTL Gaming,"kendallmpala, motlgg",Kahzïne,https://overstat.gg/player/588138.Kahzine/overview,Kahzïne,An74rkt1c,https://overstat.gg/player/548593.AN74RKT1C/overview,AN7,rPendulum,https://overstat.gg/player/40843.rPendulum/overview,rPendulum,"Yes, all 3 have",5,Diamond,"Some PC, some console",,
27/03/2025 00:15:41,Crashing Out,Oshe,Oshe,https://overstat.gg/player/1621070.GRO%20Oshe/overview,Oshe,MuchMixture9,https://overstat.gg/player/925826/overview,Muchmixture9,jogo195,https://overstat.gg/player/1835064/overview,Hobojo,"Yes, all 3 have",4,Diamond,All PC,,
27/03/2025 06:09:10,Scrub Squad,FreeMelee,FreeMelee,i do not have it i’m on mobile i’ll submit a ticket with it,FreeMelee,Fizzy000,i do not have it i’m on mobile i’ll submit a ticket with it,Fizzy000,Blue,i do not have it i’m on mobile i’ll submit a ticket with it,WaluigiMangione,"Yes, all 3 have",5,Gold,All PC,,
27/03/2025 07:27:19,St.Nessie,PattyOwO,Patty,https://overstat.gg/player/1491102/overview,[Coach]Ikyuui,olegthebigegg,https://overstat.gg/player/1962651.Hexed_Pickle/overview,Hexed_Pickle,Sourchickn,https://overstat.gg/player/3913203.Sourchickn/overview,Sourchickn,None of us have played in the void leagues before,3,Platinum,"Some PC, some console",,
27/03/2025 07:38:37,Over Rotated ,Brady-vision,Brady-vision,https://overstat.gg/player/1621033/overview,Brady-vision,DirtyVerdy ,https://overstat.gg/player/3349114.DirtyVerdy_/overview,DirtyVerdy ,Justtamir ,https://overstat.gg/player/2556530/overview,JustTam1r-TTV,"Yes, all 3 have",5,Gold,"Some PC, some console",,
27/03/2025 08:03:01,Dire Wolves,UselessRoyalty,UselessRoyalty,https://overstat.gg/player/41188.EVN_UselessRoyalty/overview,EVN_UselessRoyalty,SloFoFunk,https://overstat.gg/player/3869345/overview,Oh Funk,remydees,https://overstat.gg/player/2087235.EVN_remydees/overview,EVN_remydees,"2 of us have, 1 has not",4,Platinum,All PC,,
27/03/2025 08:11:41,Goblin Gang,ChefMike,ChefMike,https://overstat.gg/player/1374032.ChefMike/overview,ChefMike,Chermy,https://overstat.gg/player/1566063/overview,Cherm,Explosive Soda,https://overstat.gg/player/775129/overview,AngryS0da,"Yes, all 3 have",3,Platinum,"Some PC, some console",,
27/03/2025 09:18:34,Good Buds,Redfeatherkid ,Redfeatherkid,https://overstat.gg/player/3371269.RedFeatherKid/overview,Redfeatherkid ,Woolydanith,https://overstat.gg/player/3371268.Woolydanith/overview,Woolydanith,Gorndom,https://overstat.gg/player/3371267.BR%20Mafioso/overview,BR Mafioso,"Yes, all 3 have",4,Platinum,"Some PC, some console",,
27/03/2025 09:39:17,DMG Pheonix,@cjsmoove05,@cjsmoove05,https://overstat.gg/player/189343.TTV-Cjsmoove05/overview,Cjsmoove05,@Ranger,https://overstat.gg/player/1345366.Ranger/overview,Ranger,@crow_8195,https://overstat.gg/player/1507235.CrowthePepega/overview,Crow thePepega |Twitch,"1 of us has, 2 have not",4,Masters,All PC,,
27/03/2025 10:29:52,soon,.offkilter,.offkilter,https://overstat.gg/player/2716556/overview,offkilter,Romyc187,https://overstat.gg/player/3394211.@RomyC187/overview,@romyc187,Kfrosjenner,https://overstat.gg/player/2716557/overview,KfroJenner69,"2 of us have, 1 has not",4,Diamond,All PC,,
27/03/2025 10:38:10,Vanity.999,Drkrst ,Drkrst,https://overstat.gg/player/439325.drkrst/overview,Drkrst,Retreat ,https://overstat.gg/player/213433.xoRetreat/overview,Retreat,Soda,https://overstat.gg/player/247643.Soda/overview,Soda,None of us have played in the void leagues before,5,Diamond,"Some PC, some console",,
27/03/2025 10:42:43,TGUN,xJMANZEROZEROx (TGUN_Turtle),xJMANZEROZEROx (TGUN_Turtle),https://overstat.gg/player/3030174.TGUN_Turtle/overview,TGUN_Turtle,MDeVivo,https://overstat.gg/player/176051.MDeVivo/overview,MDeVivo,Mitsubetchy,https://overstat.gg/player/214158.Mitsubetchy/overview,Mitsubetchy,"Yes, all 3 have",2,Diamond,"Some PC, some console",,
27/03/2025 10:43:13,Greasy Boyz,zboy5z5,zboy5z5,https://overstat.gg/player/749174/overview,Zboy5z5,Jakoby,https://overstat.gg/player/13139/overview,Jakoby,Brode6,https://overstat.gg/player/2212799/overview,Brode,"Yes, all 3 have",5,Masters,All PC,,
27/03/2025 10:48:32,2 Bros 1 Greg,Unstopped27,Unstopped27,https://overstat.gg/player/2353155.Unstopped27/overview,Unstopped27,GPOM,no account,GPOM,Crusipher088,no account,Crusipher(TWL),None of us have played in the void leagues before,3,Platinum,All PC,,
27/03/2025 10:49:49,Pink Pony Club,Potter,Potter,https://overstat.gg/player/753373.Potter/overview,Potter,Phokkyu,https://overstat.gg/player/753371.phokkyu/overview,Phokkyu,SoleSky,https://overstat.gg/player/1120381.SoleSky/overview,SoleSky,"Yes, all 3 have",3,Diamond,All PC,,
27/03/2025 10:50:58,Diamond Dogs Blue ,faust74,faust74,https://overstat.gg/player/968884.furux772/overview,Furux,SpectacularlyAvg,https://overstat.gg/player/753404.SpectacularlyAvg/overview,SpectacularlyAvg,Trenzhart,https://overstat.gg/player/817286.TRENZHART/overview,Trenzhart,"Yes, all 3 have",4,Diamond,"Some PC, some console",,
27/03/2025 10:57:52,Remorse ,ForSaken,ForSaken,https://overstat.gg/player/517132.BA%20ForSaken/overview,ForSaken,Retreat ,https://overstat.gg/player/213433/overview,XoRetreat,Dylaninstinct,https://overstat.gg/player/2131728/overview,Dylaninstinctttv,None of us have played in the void leagues before,4,Diamond,"Some PC, some console",,
27/03/2025 11:09:01,B.L & CO,Billy_GamesOnTTV,Billy_GamesOnTTV,https://overstat.gg/player/290384.Billy/overview,Billy,_taserface,https://overstat.gg/player/182304.Interstellar%20Duck/overview,Interstellar Duck,Leffurts,https://overstat.gg/player/470731.Leffurts/overview,Leffurts,"Yes, all 3 have",3,Masters,"Some PC, some console",,
27/03/2025 11:48:23,114,rvo.,rvo.,https://overstat.gg/player/654747.Rvo/overview,Rvo_114,nosocx,https://overstat.gg/player/654745.114%20NoSocx/overview,Thumbtack28,.kaeluna.,https://overstat.gg/player/49014.kaeLuna/overview,Kaeluna_114,"Yes, all 3 have",4,Diamond,All PC,,
27/03/2025 12:04:36,Xzile eSports,"firedragon, kaynun",firedragon,https://overstat.gg/player/364411/overview,XZL FireDragon,kaynun,https://overstat.gg/player/238512.kaaynun/overview,XZL kaynun,spetzmg,https://overstat.gg/player/82178.spetz/overview,XZL spetz,"Yes, all 3 have",5,Diamond,All PC,,
27/03/2025 12:28:52,Diamond Dogs Purple,Scarecrow ,Scarecrow,https://overstat.gg/player/817287.Croh/overview,Croh ,Jubella ,https://overstat.gg/player/782979.Jubella/overview,Jubella ,Afflictedwombat,https://overstat.gg/player/1345530.Afflictedwombat/overview,Afflictedwombat ,"Yes, all 3 have",5,Platinum,All console,,
27/03/2025 12:59:16,Chocobo Escape,chosensky,chosensky,https://overstat.gg/player/1041472/overview,ChosenSky,author_kj,https://overstat.gg/player/1120434/overview,AUTHOR,the_sleeping,https://overstat.gg/player/753149/overview,Sleeping,"Yes, all 3 have",4,Diamond,All PC,,
27/03/2025 13:49:18,BaM,iRonnoc,iRonnoc,https://overstat.gg/player/1071412.iiRonnoc/overview,iiRonnoc,bam_clutch,https://overstat.gg/player/1071411.BaM_Clutch/overview,BaM_Clutch,bam_reavor,https://overstat.gg/player/1071413.BaM_Reavor/overview,BaM_Reavor,"Yes, all 3 have",5,Platinum,"Some PC, some console",,
27/03/2025 14:15:55,WannaBees,killua32,killua32,https://overstat.gg/player/2298447.WB_Killua/overview,WB_Killua,golfyash2,https://overstat.gg/player/141293/overview,Golfy,lilderpyy,https://overstat.gg/player/52863/overview,LilDerpyy,None of us have played in the void leagues before,5,Diamond,All PC,,
27/03/2025 14:46:37,HIZH,Mr_Hands_20,Mr_Hands_20,https://overstat.gg/player/753178.mr_hands_20/overview,Mr_Hands_20,Hawkeye2552,https://overstat.gg/player/288675.Hawkeye2552/overview,Hawkeye2552,Zimm,https://overstat.gg/player/897479.Zimm/overview,Zimm,"Yes, all 3 have",5,Diamond,All PC,,
27/03/2025 15:58:14,100 Leaves,ntdrose12,ntdrose12,https://overstat.gg/player/753378.F5%20I%20ntROZE/overview,ntROZE,seeby_,https://overstat.gg/player/307263.seeby/overview,seeby,.swilleyville,https://overstat.gg/player/307264.Swilleyville/overview,Swilleyville,"2 of us have, 1 has not",4,Diamond,All PC,,
27/03/2025 16:23:55,Lawn Mowers,galahadfps,galahadfps,https://overstat.gg/player/801/overview,Galahad,dizzyjavi,https://overstat.gg/player/35259/overview,DizzyJavi,xtducky,https://overstat.gg/player/146712/overview,Ducky 예보,"2 of us have, 1 has not",5,Diamond,All PC,,
27/03/2025 17:24:08,No Peel Cincy,hakobo,hakobo,https://overstat.gg/player/1135360.HaKobo/overview,HaKobo,chicagobias,https://overstat.gg/player/1680083.GGMantisToboggan/overview,GGMantisToboggan,johnboy8366,https://overstat.gg/player/1167352.HeresJahnny1/overview,HeresJahnny1,"Yes, all 3 have",5,Platinum,All PC,,
27/03/2025 17:50:20,No Peel Chica,Baughty,Baughty,https://overstat.gg/player/1135359.baughty/overview,Baughty,Coop,https://overstat.gg/player/2299939.coopfromdastoop/overview,CoopFromDaStoop,Cottonballer,https://overstat.gg/player/1135361.Epic%20Gamer/overview,Epic Gamer,"Yes, all 3 have",5,Platinum,All PC,,
27/03/2025 18:59:33,Ragdoll,gruesomeb,gruesomeb,https://overstat.gg/player/53632.gruesome_b1/overview,gruesomeb,AngrySandy,https://overstat.gg/player/2299783/overview,AngrySandy,RedT,https://overstat.gg/player/2799151/overview,Redterror,"2 of us have, 1 has not",5,Platinum,All PC,,
27/03/2025 19:06:26,Los Pollos Hermanos,"ckpallday21, 77_1, cbits",cbits,https://overstat.gg/player/1433848/overview,imCBITS,ckpallday21,https://overstat.gg/player/1433566/overview,Zorra_Assassin,77_1,https://overstat.gg/player/999574.N/overview,77,"Yes, all 3 have",4,Diamond,"Some PC, some console",,
27/03/2025 19:10:14,Kissing Your Dad's Toes,ColedColedWorld,ColedColedWorld,https://overstat.gg/player/1122065.ColedColedWorld/overview,ColedColedWorld,Nope Rope,https://overstat.gg/player/1120555.Nopes%20Ropes/overview,Nopes Ropes,ejustice74,https://overstat.gg/player/1120556.ejustice74/overview,ejustice74,"Yes, all 3 have",5,Diamond,All PC,,
27/03/2025 23:18:49,Badger Grabbers,jhelly,jhelly,https://overstat.gg/player/3728416,Jack,.so_tall,None - New player,TheIdiotEngineer,sammies.,None - New Player,Sammie,"1 of us has, 2 have not",1,Silver,All PC,,
28/03/2025 11:04:12,Mile High,Colo,Colo,https://overstat.gg/player/2584.ColoHockey_/overview,Colo,WeaponsArtist,https://overstat.gg/player/1314055.WeaponsArtist/overview,WeaponsArtist,HighKingStig,https://overstat.gg/player/3371769.HighKingStig/overview,HighKingStig,"1 of us has, 2 have not",3,Diamond,"Some PC, some console",,
28/03/2025 13:55:59,All Brain No Aim,Figgy14,Figgy14,https://overstat.gg/player/753392.Figgy14/overview,Figgy14,Maschidezin,https://overstat.gg/player/2345708.MaschidezinTV/overview,MaschidezinTV,zG_Stifle,https://overstat.gg/player/1307494.zG_Stifle/overview,ZG_Stifle,"Yes, all 3 have",5,Diamond,All PC,,
28/03/2025 16:09:33,We Use Walkers,RetroMrLiquid,RetroMrLiquid,https://overstat.gg/player/115827.RetroMrLiquid/overview,RetroMrLiquid,Red_Husky,https://overstat.gg/player/57451.h%20u%20s%20k%20y/overview,h u s k y,lchiang11,https://overstat.gg/player/749157.CheezySlice/overview,CheezySlice,"Yes, all 3 have",4,Platinum,All PC,,
28/03/2025 21:03:35,O.M.P.A.,BobbyBooshayy,BobbyBooshayy,https://overstat.gg/player/455959.BobbyBooshayy/overview,BobbyBooshayy,Patback,https://overstat.gg/player/455979/overview,pat,MannikTV,https://overstat.gg/player/592270.MannikTV/overview,MannikTV,"Yes, all 3 have",3,Platinum,All PC,,
28/03/2025 23:23:50,Scream Aim Fire,katisuu,katisuu,https://overstat.gg/player/1439060/overview,MNKP0P,aeroexists,https://overstat.gg/player/3221411/overview,AeroExists,spearcooper,https://overstat.gg/player/3762474/overview,Coop,None of us have played in the void leagues before,3,Diamond,All PC,,
29/03/2025 05:46:22,Eye of Agamotto,"saki_201, dayarik1",dayarik1,https://overstat.gg/player/1183460.Dayarik/overview,DaS,KitKatt52,https://overstat.gg/player/291514.TacoEnjoyer/overview,TacoEnjoyer,saki_201,https://overstat.gg/player/392271.Saki/overview,Saki :D,"Yes, all 3 have",4,Platinum,"Some PC, some console",,
29/03/2025 12:02:14,DW Evolution,UselessRoyalty,Mango,https://overstat.gg/player/684080.MangoMan0125/overview,Mango,Teach DA Youth,https://overstat.gg/player/53953.TTV%20Teach%20Da%20Youth/overview,Teach DA Youth,Balynce,https://overstat.gg/player/2459695.ttv%2Fdse_balynce/overview,Balynce,None of us have played in the void leagues before,4,Gold,All PC,,
29/03/2025 14:49:18,Hunting Chuds Bungus ,"BungusElite, Raz",BungusElite,https://overstat.gg/player/2449676.BungusElite/overview,BungusElite ,chudbudwalker,https://overstat.gg/player/3334231.Chudbudwalker/overview,Chud,Raz,https://overstat.gg/player/519415/overview,Raz,"Yes, all 3 have",5,Diamond,All PC,,
29/03/2025 16:58:42,2 Rats 1 Mouse,Double_take,Double_take,https://overstat.gg/player/1026809/overview,Double-take,dekta_ttv,https://overstat.gg/player/88935/overview,dekta_ttv,jaundyy,https://overstat.gg/player/3041798/overview,jaundy,"Yes, all 3 have",5,Diamond,All PC,,
29/03/2025 22:29:10,Audacity ,Becka,Becka,https://overstat.gg/player/1766184.BeckaBTW/overview,Beckabtw,A_MF_Princess,https://overstat.gg/player/1720731/overview,a_mf_queen,Zewski,https://overstat.gg/player/2156292.zewski/overview,Zewski,"Yes, all 3 have",4,Diamond,"Some PC, some console",,
29/03/2025 23:35:50,FoeComet,@icerecedo,@icerecedo,https://overstat.gg/player/1197529.AI%20Conger/overview,AI Conger,@smiksmik,https://overstat.gg/player/2131688.yoosmik/overview,Yoosmik,@brandinomanchino,https://overstat.gg/player/1882396.BrandinoBrandino/overview,BrandinoBrandino,"2 of us have, 1 has not",5,Masters,"Some PC, some console",,
30/03/2025 01:48:59,INTEGRALS,ltto.,ltto.,https://overstat.gg/player/1613972.Ltto./overview,ltto.,Ichi,https://overstat.gg/player/1835057/overview,Jitty,phoenix,https://overstat.gg/player/1111462.Phoenix.L8NT/overview,Phoenix.L8NT,"Yes, all 3 have",2,Diamond,"Some PC, some console",,
30/03/2025 07:04:38,ABNA B Squadd,Sirwilliamvii,Palmsssbm,https://overstat.gg/player/2469517.I%20HATE%20Palmerton/overview,Palms,Sirwilliamvii,https://overstat.gg/player/487087.SIRWILLIAMVII/overview,Sirwilliamvii,Shueisha,https://overstat.gg/player/1835051.shueisha/overview,Shueisha,"2 of us have, 1 has not",5,Platinum,All PC,,
30/03/2025 09:14:31,Yoi Mono,kpsy_,kpsy_,https://overstat.gg/player/242.@KPSY%20%7C%20Twitch/overview,@KPSY | Twitch,emisoul,https://overstat.gg/player/2948012/overview,Soul,nesykinz,https://overstat.gg/player/289.%E2%80%A2Nesykinz%E2%80%A2/overview,• Nesy •,None of us have played in the void leagues before,5,Diamond,All PC,,
30/03/2025 19:08:20,Rude,xJusGavx ,xJusGavx,https://overstat.gg/player/2062720.Twitch%20%7C%20xJusGavx/overview,Twitch | xJusGavx ,Bookworm669,https://overstat.gg/player/1146754.bookworm669/overview,Bookworm669,SSJSlade ,https://overstat.gg/player/3334664.SSJSlade/overview,SSJSlade,"2 of us have, 1 has not",4,Diamond,All PC,,
31/03/2025 11:27:47,Geriatric Reflexes ,Enderphor,Enderphor,https://overstat.gg/player/2299736.Enderphor/overview,Enderphor,EagleUSA,https://overstat.gg/player/2299737.EagleUSA/overview,EagleUSA,Sithopher,https://overstat.gg/player/2299738.Sithopher/overview,Sithopher,"Yes, all 3 have",4,Platinum,All PC,,
31/03/2025 11:45:53,QUACK ATTACK,Kerckhaert,Kerckhaert,https://overstat.gg/player/666623/overview,Psyduck,amieable,https://overstat.gg/player/288673.amieable/overview,Fogduck,everyday_sly,https://overstat.gg/player/1041455.sly/overview,Slyduck,"Yes, all 3 have",4,Platinum,"Some PC, some console",,
31/03/2025 12:21:50,The Roach Motel ,xThinkso,§eren? (1cry_babe),https://overstat.gg/player/3063988/overview,§eren,xThinkso,https://overstat.gg/player/2150736/overview,xThinkso,Brandon,https://overstat.gg/player/2779959.Brandon/overview,Brandon,"2 of us have, 1 has not",5,Diamond,All PC,,
31/03/2025 13:12:40,MeHards,calbeast,calbeast,https://overstat.gg/player/1120549.Calbeast/overview,Calbeast,gmoney45_,https://overstat.gg/player/1135294.YANKEE%206%20XRAY/overview,YANKEE 6 XRAY,mj5044,https://overstat.gg/player/1120548.Avsfan1/overview,MJ5044,"Yes, all 3 have",5,Diamond,All PC,,
31/03/2025 15:28:53,Lost Lake Boys,"Stinkerson, railgunsr, hannibalofcarthage",Stinkerson,https://overstat.gg/player/2189329.Stinkerson/overview,Stinkerson,railgunsr,https://overstat.gg/player/2299784.Lunar/overview,Lunar,hannibalofcarthage,https://overstat.gg/player/2237543.Hannibal%20of%20Carthage/overview,Hannibal of Carthage,"Yes, all 3 have",4,Diamond,All PC,,
31/03/2025 15:50:05,Brotato Chip,jackhedoesit,jackhedoesit,https://overstat.gg/player/753419.JackHeDoesIt/overview,JackHeDoesIt,mikiedelliii,https://overstat.gg/player/753418.MikieDelliii/overview,MikieDelliii,BossBBALLER101,https://overstat.gg/player/753420.BossBBALLER101/overview,BossBBALLER101,"Yes, all 3 have",5,Platinum,"Some PC, some console",,
31/03/2025 17:07:25,Noble Esports,matt_moose,matt_moose,https://overstat.gg/player/18556.Matthew_Moose/overview,Matthew_Moose,joaqie,https://overstat.gg/player/1486385/overview,Joaqie,stxvnie,https://overstat.gg/player/129013/overview,stxvniee,None of us have played in the void leagues before,5,Diamond,"Some PC, some console",,
31/03/2025 17:53:54,Lint Lickers,MyrtleSquirtle,MyrtleSquirtle,https://overstat.gg/player/2511375/overview,MyrtleSquirtle,RusticPeasant,https://overstat.gg/player/2377505/overview,RusticPeasant,mr.kikks,https://overstat.gg/player/2724083.MrKikks_DoIniT07/overview,mr.kikks,None of us have played in the void leagues before,2,Platinum,All PC,,
31/03/2025 19:25:58,Triumvir,thejordanruiz,thejordanruiz,https://overstat.gg/player/626671.Jhonpii/overview,Jhonpii,Duneighbor,https://overstat.gg/player/1613927.duneighbor/overview,Duneighbor,Juvo,https://overstat.gg/player/1628708/overview,Juvo,"Yes, all 3 have",3,Platinum,All PC,,
31/03/2025 21:41:47,Catgirls GO!,astris86,astris86,https://overstat.gg/player/3276923.Astris%20%3C3's%20Hatsune%20Miku/overview, CG! | ╲╲╲╲╲,shapegenerator,https://overstat.gg/player/1093567.shapegenerator/overview,CG! | shape,santaklaus2003,https://overstat.gg/player/2701772.SantaKlaus/overview,CG! | SantaKlaus,"2 of us have, 1 has not",3,Platinum,All PC,,
31/03/2025 22:27:11,Dark Knightz,vepicv1,xoadorable,https://overstat.gg/player/816993.adorable/overview,adorable,vepicv1,https://overstat.gg/player/257203.vEpiCv1/overview,vepicv1,N1xja,https://overstat.gg/player/1873071.N1xja/overview,N1xja,"Yes, all 3 have",5,Platinum,"Some PC, some console",,
31/03/2025 23:26:20,Stargazers,blujay._/.unix.,Blujay,https://overstat.gg/player/506562.Blujay._/overview,Blujay._,.unix.,https://overstat.gg/player/533769.unix./overview,unix.,compasthepigeon,https://overstat.gg/player/946423.CompasThepigeon/overview,CompasThepigeon,"Yes, all 3 have",4,Platinum,All PC,,
01/04/2025 00:26:10,Necrotic,cudi_fps,cudi_fps,https://overstat.gg/player/125429/overview,cudi,nutty_fps,https://overstat.gg/player/125428/overview,NuTTy,arise_fps,https://overstat.gg/player/554163/overview,Arise_FPS,"Yes, all 3 have",4,Masters,All PC,,
01/04/2025 01:25:19,Good Good,OpNate,OpNate7,https://overstat.gg/player/930123/overview,OpNate,Luzer19,https://overstat.gg/player/144890/overview,Luzer,EnvyxSkillet,https://overstat.gg/player/970633/overview,EnvyxSkillet,"Yes, all 3 have",4,Diamond,"Some PC, some console",,
01/04/2025 10:31:10,SNV Esports,0pticalfps,0ptical,https://overstat.gg/player/563218/overview,0ptical,Xzavier219,https://overstat.gg/player/41157/overview,Xzavier,Lolwolfer,https://overstat.gg/player/1084352/overview,Wolfer,"Yes, all 3 have",5,Masters,All PC,,
01/04/2025 11:04:16,Winner's Circle,Mirriftw,mirriftw,https://overstat.gg/player/2680340.WC%20Mirri/overview,WC Mirri,beamenabled,https://overstat.gg/player/3500692.BeamifyonTTV/overview,Beamifyonttv,Wra1th_267,https://overstat.gg/player/1439526.wra1th_267/overview,wra1th_267,"Yes, all 3 have",4,Diamond,All PC,,
01/04/2025 15:21:49,Lords of Edging,S3Mikey,S3Mikey,https://overstat.gg/player/96626.S3Mikey%20%7C%20Twitch/overview,Dingus Bingus,ctreazy,https://overstat.gg/player/976484.cTreazy/overview,ctreazy,Revy2Hands,https://overstat.gg/player/1307495.Revy2hands/overview,Revy2Hands,"Yes, all 3 have",5,Diamond,All PC,,
02/04/2025 11:26:48,WHO,Pxrmafrxst,pxrmafrxst,https://overstat.gg/player/317.Pxrmafrxstt/overview,pxrmafrxst,jm42clark,https://overstat.gg/player/77606.Jm42cIark/overview,jm42clark,ItzRlcky,https://overstat.gg/player/2467518.ItzRlcky/overview,ItzRlcky,"Yes, all 3 have",5,Masters,All PC,,
02/04/2025 11:41:35,The Minors,@katelyn0068,@katelyn0068,https://overstat.gg/player/1434864.CheesePuffs1890/overview,El Puff,@imysticvortex,https://overstat.gg/player/378660/overview,iMysticVortex,@simplyturtleman,https://overstat.gg/player/3084412/overview,TURTLEMAN,"1 of us has, 2 have not",5,Diamond,All PC,,
02/04/2025 14:44:46,SLG x HP,DASLEDGEHAMMER,DASLEDGEHAMMER,https://overstat.gg/player/238549/overview,DASLEDGEHAMMER,mysteryz,https://overstat.gg/player/194927/overview,F5 | Mysteryz,Slinky acrobat,https://overstat.gg/player/121452/overview,I wish you a pleasant -65 RP,"Yes, all 3 have",5,Masters,All PC,,
02/04/2025 14:48:07,Moist Makers,slimthorttv,slimthorttv,https://overstat.gg/player/1920398/overview,Slim_thor on Twitch,gothcowboy,https://overstat.gg/player/95585/overview,goonther,kbertabifida,https://overstat.gg/player/1979107.Kbertabifida/overview,Kbertabifida | TTV,"1 of us has, 2 have not",3,Platinum,All PC,,
02/04/2025 18:03:23,Ignite Fans,zero2368,zero2368,https://overstat.gg/player/2857630/overview,ZeroGLHF,federico0990,https://overstat.gg/player/1398110/overview,RouAlfred 24,xiums12,https://overstat.gg/player/2405765/overview,Xiums,"Yes, all 3 have",4,Diamond,"Some PC, some console",,
03/04/2025 07:26:34,Casual Gooning,"billiardhorn, artemisgg_",billiardhorn,https://overstat.gg/player/2975809/overview,CG BilliardHorn,artemisgg_,https://overstat.gg/player/2975811/overview,@Artemisgg_,heathcliffbum,https://overstat.gg/player/82131/overview,Heathclips_,None of us have played in the void leagues before,4,Diamond,All PC,,
03/04/2025 07:50:16,Lets Get Restarted,Twelvegage8,Twelvegage8,https://overstat.gg/player/662120.BF%20TwelveGage/overview,Twelvegage,Thecorruptteacher,https://overstat.gg/player/307552.The%20Corrupt%20Teacher/overview,Thecorruptteacher,Dmanloc,https://overstat.gg/player/749155.DmanLOC/overview,Dmanloc,"Yes, all 3 have",5,Rookie,All PC,,
03/04/2025 20:49:44,A.W.O,Mworkz_ | Twitch,Geezus_duh,https://overstat.gg/player/284835.GeeZus/overview,Geezus,ChicoFlame,https://overstat.gg/player/548978.EVG%20%7C%20ChicoFlame/overview,ChicoFlames,Mworkz_ | Twitch,https://overstat.gg/player/284846.Mworkz_%20%7C%20Twitch/overview,Majin Workz,"Yes, all 3 have",5,Masters,All PC,,
04/04/2025 12:11:56,Pog mo thoin,Evoke,SIlentRyft,https://overstat.gg/player/32417.SilentRyft/overview,SilentRyft,Evoke,https://overstat.gg/player/872684/overview,evoke,zCrackdown,https://overstat.gg/player/311924.zCrackdown/overview,zCrackdown,"Yes, all 3 have",4,Diamond,All PC,,
04/04/2025 13:32:47,3ND,thejet02 & theejambro,thejet02,https://overstat.gg/player/3056722.JetWatt/overview,JetWatt,theejambro,https://overstat.gg/player/290395.theeJambro/overview,theeJambro,deemo44,https://overstat.gg/player/1253094.DeeMo_Gaming/overview,DeeMo_Gaming,"1 of us has, 2 have not",3,Masters,All PC,,
04/04/2025 23:37:29,Enter Force,Haki,Haki,https://overstat.gg/player/1111463/overview,Haki ,Celsius,https://overstat.gg/player/1405205/overview,i miss her (arenas),Nedlock,https://overstat.gg/player/285618/overview,Nedlock テディベアが大好,"Yes, all 3 have",5,Diamond,All PC,,
05/04/2025 11:16:30,Tiny Timmy’s ,Stonespy946_56549,Stonespy,Stonespy946,Stonespy946,Leven3472,Boobert,Boobert,Scarab65,Jokingscarab65,Jokingscarab65,"Yes, all 3 have",4,Diamond,"Some PC, some console",,
05/04/2025 23:53:55,Karnage,Karnivorr,thegunner6092,https://overstat.gg/player/1120377.TheGunner2533/overview,TheGunner2533,matt612.,https://overstat.gg/player/1120376.HA1L%20RG3/overview,Ha1l Rg3,Karnivorr,https://overstat.gg/player/1120375.Karnivorrr/overview,Karnivorrr,"Yes, all 3 have",5,Diamond,All console,,
06/04/2025 00:52:24,Hectic City,dvp169,dvp169,https://overstat.gg/player/2112757.Dvpaper/overview,Dvpaper,Acidic_Storm_,https://overstat.gg/player/42124.Acidic_storm_/overview,Acidic_storm_,Fromskratch_,https://overstat.gg/player/2013860.Skratchd_/matches,Skratchd_,"1 of us has, 2 have not",5,Masters,All PC,,
06/04/2025 02:23:34,Kronos,Supreme(r3mainz),Supreme,https://overstat.gg/player/753380.Supreme/overview,Supreme,(Nox)noxums,https://overstat.gg/player/753379.Noxums/overview,Endwell,blank(blankfps_),https://overstat.gg/player/188827.RN%20blanK/overview,blanK,"Yes, all 3 have",5,Diamond,"Some PC, some console",,
06/04/2025 09:47:59,Vantage Toes,tdobzz,tdobzz,https://overstat.gg/player/194373.Tdobzz/overview,Tdobzz,smallguy,https://overstat.gg/player/1881207.smallguy/overview,Smallguy,coleirwin5,https://overstat.gg/player/1120370.Doctor%20Eloc/matches,doctor eloc ,"1 of us has, 2 have not",3,Diamond,"Some PC, some console",,
06/04/2025 16:06:19,SHJ,Ichi/qshinki,Ichi/qShinki,https://overstat.gg/player/1835057.Ichi/overview,Ichi,Zectsie,https://overstat.gg/player/1835058.Dracarys/overview,Dracarys,takeiteezy,https://overstat.gg/player/1100975.YoTakeItEezy/overview,Yotakeiteezy,"2 of us have, 1 has not",4,Diamond,All PC,,
06/04/2025 17:03:50,NAMELESS,Kiuvexity,Kiuvexity,https://overstat.gg/player/272981.Kiuv/overview,Kiuv,S2daj,https://overstat.gg/player/162948.DirtyCent/overview,DirtyCent,Kyrus,https://overstat.gg/player/2393006/overview,Ky,None of us have played in the void leagues before,5,Diamond,All PC,,
06/04/2025 18:26:04,wL,borealisapex,borealisapex,https://overstat.gg/player/290396.ATG%20borealis/overview,borealis,itzrlcky,https://overstat.gg/player/2467518.ItzRlcky/overview,ItzRlcky,imtitan.,https://overstat.gg/player/2197021.ImTitan/overview,Titan,None of us have played in the void leagues before,5,Masters,All PC,,
07/04/2025 05:28:08,Pulsar,NephWindu,NephWindu,https://overstat.gg/player/19704.@NephWindu%20Twitch/overview,@NephWindu,kooladin,https://overstat.gg/player/3788412/overview,Kooladin,wade2x,https://overstat.gg/player/3812901/overview,Wade,"1 of us has, 2 have not",4,Diamond,All PC,,
09/04/2025 12:55:48,Chair Sniffers,lalliegatorl,lalliegatorl,https://overstat.gg/player/49004.ASTRA%20Alliegator/overview,Twitch | lAlliegatorl,wawzi,https://overstat.gg/player/403258.beeefin/overview,ee,prxzn,https://overstat.gg/player/3491802.uhPrxzn/overview,UhPrxzn,None of us have played in the void leagues before,5,Masters,"Some PC, some console",,
20/04/2025 21:00:32,Cyber Prophets,ramseylulz,ramseylulz,https://overstat.gg/player/2058023.ramseylul/overview,CYBR_Ramsey,Shamel (Shuh-Mel),https://overstat.gg/player/99230.CYBR%20Shamel/overview,CYBR Shamel,Raze,https://overstat.gg/player/2058022.Raze/overview,CYBR Raze,"2 of us have, 1 has not",5,Masters,All PC,,
09/06/2025 13:26:01,YOUNG VONS,laz3d.psd,laz3d.psd,https://overstat.gg/player/1726182.lazy3d/overview,lazy3d,Deetray.,https://overstat.gg/player/487025.Deetray/overview,Deetray,shanksoh,https://overstat.gg/player/56033.F5%20%7C%20Shanksoh/overview,F5 | Shanks,"1 of us has, 2 have not",5,Masters,All PC,,
25/06/2025 19:11:49,Comeback Kings,TacticalMyst_TTV,TacticalMyst_TTV,https://overstat.gg/player/2418370.TacticalMyst_TTV/overview,tacticalmyst_ttv,@IamAtomic_TV,https://overstat.gg/player/14809.IamAtomicTTV/overview,@IamAtomic_TV,Rbyyy,https://overstat.gg/player/238388.Rbyyy/overview,Rbyyy,"1 of us has, 2 have not",4,Diamond,All PC,,
25/06/2025 21:23:38,ComeBack Kings,tacticalmyst_ttv,Tacticalmyst_ttv,https://overstat.gg/player/2418370/overview,Tacticalmyst_ttv,@IamAtomic_TV,https://overstat.gg/player/14809.IamAtomicTTV/overview,@IamAtomic_TV,Rbyyy,https://overstat.gg/player/238388.Rbyyy/overview,rbyyy,"1 of us has, 2 have not",4,Diamond,All PC,,
24/09/2025 19:09:28,3BD,blo0my,blo0my,https://overstat.gg/player/4305506.blo0my/overview,blo0my,Hazel,https://overstat.gg/player/2219210.twitch.tv%2FvHazel_/overview,vHazel,Muffin,https://overstat.gg/player/4824069.rnuffinnnn/overview,rnuffinnnn,None of us have played in the void leagues before,4,Diamond,All PC,,