TimeStamp,Column 30,Signup,Day 1 Division,Day 1 Results,Kills,Day 2 Division,Column 35,Day 2 Results,Day 3 Division,Day 3 Results,Column 43,Day 4 Division,Column 44,Day 4 Results,Team Name,Team Captain Discord Username(s),Rostered Player 1 Discord Username,Rostered Player 1 Overstat Link,Rostered Player 2 Discord Username,Rostered Player 2 Overstat Link,Rostered Player 3 Discord Username,Rostered Player 3 Overstat Link,Have you and your teammates played in Void Apex leagues before? (this does not include scrims/community events),How familiar is your team with competitive apex?,What is the average rank of your team?,What platform does your team play on?,Are there any days of the week your team CAN NOT play? (We can't promise to accommodate you as leagues are separated by skill),Additional Comments,Day 1 Subs ,Sub Overstat,NOTES,Arrow If Same Sub ,Day 2,Sub Overstat ,Notes,Arrow If Same , Day 3,Sub Overstat ,Notes ,Arrow If Same,Day 4,Sub Overstat ,Notes
,,,,,,,,,,,,,,,Lobby 1 (Line 2),,,,,,,,,,,,,,,,,,,,,,,,,,,,
9/25/2025 11:15:30,1,,A,7,34,N/A,,,A,1,95,N/A,,,Spooky Buttcheeks,Lau,Lau,https://overstat.gg/player/749175/overview,Mysteryz,https://overstat.gg/player/194927/overview,Tragic,https://overstat.gg/player/623330/overview,"2 of us did, 1 did not",5,Masters,All PC,No Scheduling Issues,,,,,,,,,,,,,,,,
9/25/2025 10:16:34,1,,N/A,,,N/A,,,A,3,46,N/A,,,ByFire,Seeby,Seeby,https://overstat.gg/player/307263/overview,Kaido,https://overstat.gg/player/1120566/overview,Durxy,https://overstat.gg/player/776474/overview,"Yes, all 3 did",5,Apex Predator,All PC,No Scheduling Issues,Durxy is multi season Pred and the rest Masters,,,,,,,,,,,,,,,
9/25/2025 17:14:33,1,,A,19,15,A.5,5,48,A,4,44,N/A,,,ONYX,lumdum,lumdum,https://overstat.gg/player/77595.super%20sub%20lumdum/overview,l6mi,https://overstat.gg/player/405218.SoaR%20Lumi/overview,babylight7,https://overstat.gg/player/23220.babylight/overview,"2 of us did, 1 did not",5,Masters,All PC,No Scheduling Issues,,,,,,,,,,,,,,,,
9/27/2025 13:43:33,1,,A,13,24,A.5,3,54,A,5,42,N/A,,,Sword,compliant,compliant,https://overstat.gg/player/4528680/overview,5dchar, https://overstat.gg/player/404583/overview,.bleachh,https://overstat.gg/player/3688995.BleachhFPS/overview,"2 of us did, 1 did not",2,Diamond,All PC,No Scheduling Issues,,,,,,,,,,,,,,,,
9/24/2025 17:52:10,1,,A,10,29,N/A,,,A,6,39,N/A,,,100L X hakistat.com,spaceman,spaceman,https://overstat.gg/player/2189472.spaceman/overview,eidolon7,https://overstat.gg/player/2198882/overview,ntdrose12,https://overstat.gg/player/753378/overview,"Yes, all 3 did",5,Masters,All PC,Wednesday,,,,,,,,,,,,,,,,
9/28/2025 22:15:07,1,,A,2,71,N/A,,,A,9,34,N/A,,,Renaissance,YoJokerz,poolllllllll,https://overstat.gg/player/30928/overview,kkas1,https://overstat.gg/player/61557.FEYD%20RAUTHA/overview,YoJokerz,https://overstat.gg/player/74046/overview,"1 of us did, 2 did not",5,Masters,All PC,Wednesday,Gonna have people subbing in periodically. ,Wabbit,https://overstat.gg/player/265011/overview,Subbing in for Kaz Placement Day 1 ,,,,,,Wabbit =,https://overstat.gg/player/265011/overview,Subbing for Jokerz ,,,,
9/30/2025 15:03:20,2,,B,3,52,A.5,2,68,A,10,34,N/A,,,Xzile Esports,kaynun,kaynun,https://overstat.gg/player/238512.kaynun/overview,spetzmg,https://overstat.gg/player/82178/overview,firedragon,https://overstat.gg/player/364411/overview,None of  played in the VESA Apex League Season 11,5,Masters,All PC,No Scheduling Issues,,,,,,,,,,,,,,,,
9/27/2025 20:58:43,1,,A,11,27,N/A,,,A,7,36,N/A,,,Saga,Truth,Truth,https://overstat.gg/player/3385048.Truth/overview,caro,https://overstat.gg/player/96508/overview,Noxums,https://overstat.gg/player/753379.Noxums/overview,"Yes, all 3 did",5,Masters,"Some PC, some console",No Scheduling Issues,Will have to have a sub play at least 1 placement day,Hackz,https://overstat.gg/player/654965.hhhackz/overview,Hackz Subbing for Caro Placement Day 1,,,,,,,,,,,,
10/1/2025 1:35:05,1,,A,4,50,N/A,,,A,14,29,N/A,,,SHORK,oalios,oalios,https://overstat.gg/player/965622.oalios/overview,emcy,https://overstat.gg/player/2607937.Eemmccyy/overview,swagmillion,https://overstat.gg/player/2382005.swagmillion/overview,"1 of us did, 2 did not",5,Masters,All PC,No Scheduling Issues,:3,Swxgs,https://overstat.gg/player/3326280/overview,Subbing for Emcy for few games Placement Day 1,,,,,,,,,,,,
9/24/2025 21:49:31,1,,A,16,21,N/A,,,A,12,31,N/A,,,FCK,Lastcall,Lastcall,https://overstat.gg/player/407477/overview,Shouli,https://overstat.gg/player/1405218/overview,PGK,https://overstat.gg/player/2197834/overview,"Yes, all 3 did",5,Diamond,All PC,No Scheduling Issues,,TheHeuman,https://overstat.gg/player/357606/overview,Subbing for Placement Day 1 & 2,,,,,,,,,,,,
10/2/2025 17:01:13,1,,A,14,23,N/A,,,A,15,25,A.5,1,69,Greasy Boyz,zboy5z5,zboy5z5,https://overstat.gg/player/749174.Zboy5z5/overview,brode6,https://overstat.gg/player/2212799.BrodE/overview,bvtterr,https://overstat.gg/player/753136.Bvtterr/overview,"Yes, all 3 did",5,Diamond,All PC,No Scheduling Issues,#getgreased,,,,,,,,,Heuman = / - ,https://overstat.gg/player/357606.DC%20TheHeuman/overview,Subbing for Butter,,,,
10/4/2025 1:16:14,1,,A,17,21,A.5,12,29,B,3,54,A.5,2,67,Hectic City,dvp169,dvp169,https://overstat.gg/player/2112757.Dvpaper/overview,ryujii.x,https://overstat.gg/player/654978/overview,agtoop,https://overstat.gg/player/4685838/overview,"2 of us did, 1 did not",5,Apex Predator,All PC,No Scheduling Issues,cant wait to play in my first winter Vesa season!,Ghosty & Slump,https://overstat.gg/player/500089.@rGhxsty/overview  https://overstat.gg/player/519108.slump/overview,Subbing for Ryu & AG Placement Day 1,,,,,,,,,,,,
9/24/2025 20:43:20,1,,A,20,10,A.5,1,70,N/A,,,A.5,4,54,Fools Gold,_squirtz_,_squirtz_,https://overstat.gg/player/48309.@SquirtzApex/overview,kari_lvl,https://overstat.gg/player/73872.zegion/overview,kryobloom,https://overstat.gg/player/47970.kryobloom/overview,"Yes, all 3 did",5,Masters,All PC,No Scheduling Issues,,Jammer ,https://overstat.gg/player/327216.jammer/overview,Subbing for Kyro Placement Day 1 ,‚Äî‚Äî->,Hun7er =,https://overstat.gg/player/21908.Hun7er_/overview,Subbing for a rhino,,,,,,,,
9/24/2025 19:48:22,1,,A,3,61,N/A,,,A,16,24,A.5,7,43,ThirdPartyKings,"an74rkt1c, blankfps_",an74rkt1c,https://overstat.gg/player/548593.AN74RKT1C/overview,blankfps_,https://overstat.gg/player/188827.RN%20blanK/overview,uorax,https://overstat.gg/player/2876487/overview,"Yes, all 3 did",5,Masters,All PC,No Scheduling Issues,,,,,,,,,,,,,,,,
9/27/2025 22:43:31,2,,A,18,16,A.5,8,37,A,18,20,A.5,8,40,Necrotic,0ptical,0ptical,https://overstat.gg/player/3913146/overview,Nutty_fps,https://overstat.gg/player/125428/overview,Cudi_fps,https://overstat.gg/player/125429/overview,"Yes, all 3 did",5,Masters,All PC,No Scheduling Issues,,Wolfer ,https://overstat.gg/player/1084352.Wolfer/overview,Subbing Placement Day 1,,,,,,,,,,,,
10/3/2025 12:36:48,2,,N/A,,,B.5,1,91,A,8,35,A.5,9,38,TBD,Snozizzle,Snozizzle,https://overstat.gg/player/1688464/overview,LuiBeans,https://overstat.gg/player/1532627/overview,iXM1kos,https://overstat.gg/player/2133593/overview,None of  played in the VESA Apex League Season 11,5,Masters,All PC,Monday,,,,,,,,,,,,,,,,
10/2/2025 13:05:47,1,,A,8,33,A.5,14,26,B,1,117,A.5,11,34,X-ELEMENT,eclipse_1234,eclipse_1234,https://overstat.gg/player/1858924.XEL%20iklipsa/overview,iqdecimate,https://overstat.gg/player/1078824.XEL%20Decimation/overview,venger3020,https://overstat.gg/player/4577234.VENGER_YT/overview,"1 of us did, 2 did not",5,Apex Predator,All PC,No Scheduling Issues,,,,,,XEL Bps -,https://overstat.gg/player/163025.XEL.Bpsword.Twitch/overview,Subbing for Venger,,I am promethus,https://overstat.gg/player/4968641/overview,subbing for VENGER,,,,
9/26/2025 19:55:16,1,,N/A,,,A.5,19,13,B,5,42,A.5,3,60,Eclipse,alliefps,alliefps,https://overstat.gg/player/49004/overview,wawzi,https://overstat.gg/player/403258/overview,priiznn,https://overstat.gg/player/3491802/overview,"Yes, all 3 did",5,Masters,"Some PC, some console",Monday,,,,CANT PLAY PLACEMENT DAY 1,,,,,,,,,,,,
10/4/2025 10:57:12,1,,B,5,46,A.5,4,49,A,13,29,A.5,13,25,4funski,Evl999,Evl999,Overstat.gg/4fevl,hypero7_,https://overstat.gg/player/2707727.hyper%20o7%EC%9B%83/overview,shadydreams,https://overstat.gg/player/243960/overview,None of  played in the VESA Apex League Season 11,5,Platinum,"Some PC, some console",No Scheduling Issues,We coach pro apex but don‚Äôt play very often so this is something we are doing for fun to play the game more ,,,,,Kenji +++ Deadly +,https://overstat.gg/player/1339407/overview  https://overstat.gg/player/13160.6F%20Deadlysoos/overview                                         ,Subbing for Shade & Hyper ,,Deadly & Hxted,https://overstat.gg/player/12571.hxted59/overview https://overstat.gg/player/13160.6F%20Deadlysoos/overview,Subbing for Shxde & Hyper,,,,
,1,,A,9,29,A.5,15,25,B,6,40,A.5,5,49,Plus Ultra,imJhoKing,imJhoKing,https://overstat.gg/player/14823.@imJhoKing/overview,dizzyjavi,https://overstat.gg/player/35259.DizzyJavi/overview,Benjahhim,https://overstat.gg/player/176028.@benjahhim/overview,None of  played in the VESA Apex League Season 11,4,Diamond,All PC,No Scheduling Issues,"One of us has may have a conflict, but we can figure it out once we are seeded. ",,,GETTING PERMANENT SPOT,,,,,,,,,,,,
,,,,,,,,,,,,,,,Lobby 2 (23),,,,,,,,,,,,,,,,,,,,,,,,,,,,
9/24/2025 19:15:52,2,,B,17,16,B.5,4,45,B,2,63,A.5,10,38,New Alliance,zero2368,zero2368,https://overstat.gg/player/2857630.ZeroGLHF/overview,est3fy,https://overstat.gg/player/2550405/overview,federico0990,https://overstat.gg/player/1398110/overview,"Yes, all 3 did",4,Diamond,"Some PC, some console","Monday, Wednesday, Thursday",,Tauu,https://overstat.gg/player/1203782.isTauu/overview,Subbing for Fede Placement Day 1,,Neaztry =,https://overstat.gg/player/303526.AG%20Neaztry/overview,Subbing for Fede,,Nannox = / +,https://overstat.gg/player/49031.Nannox/teams,Subbing for Fede ,,Neaztry = ,https://overstat.gg/player/303526.AG%20Neaztry/overview,Subbing for Fede
10/2/2025 21:01:20,2,,A,15,23,A.5,11,35,B,10,30,A.5,12,26,Silly Little Chocobo's,the_sleeping,Sleeping,https://overstat.gg/player/753149/overview,Penguinii,https://overstat.gg/player/753150/overview,dasledgehammer,https://overstat.gg/player/238549/overview,"Yes, all 3 did",4,Platinum,All PC,No Scheduling Issues,,,,,,,,,,,,,,,,
9/25/2025 13:56:57,2,,B,12,24,B.5,10,36,B,7,37,A.5,6,46,HRD,Rvo.,Rvo.,https://overstat.gg/player/654747.Rvo/overview,Dekta_ttv,https://overstat.gg/player/88935.DEKTA_TTV/overview,Hatch,https://overstat.gg/player/923262.ha7ch/overview,"Yes, all 3 did",4,Diamond,All PC,No Scheduling Issues,,,,,,,,,,,,,,,,
9/24/2025 18:33:05,2,,A,12,26,A.5,7,44,A,20,16,A.5,18,16,happy2behere,Themaufactor,Themaufactor,https://overstat.gg/player/317145.TheMauFactor/overview,Goodlookingsean,https://overstat.gg/player/290364.@goodlookingsean/overview,Rapture,https://overstat.gg/player/1055.RaptureIsland/overview,"Yes, all 3 did",5,Masters,All PC,No Scheduling Issues,Let's go!!!!!,,,,,,,,,CantGetAway = / +,https://overstat.gg/player/1462667.CantGetAway/overview,Subbing for Rapture ,‚Äî‚Äî->,,,
9/24/2025 17:57:48,2,,B,1,75,A.5,10,36,A,11,33,A.5,14,21,Dark Horse Esports,_Needasoda_,_Needaoda_,https://overstat.gg/player/247643.SLG-Soda/overview,simplyturtleman ,https://overstat.gg/player/3084412.LVS_TURTLE/overview,Emptheproto,https://overstat.gg/player/1003330.Protogen%20Pawjob/overview,"Yes, all 3 did",4,Masters,All PC,No Scheduling Issues,,Bubble / Kane ,https://overstat.gg/player/18758.kane./overview https://overstat.gg/player/131094.LMN8_Bubble/matches,Subbing for Turtle & EMP Placement Day 1,,,,,,Bubble = / -,https://overstat.gg/player/131094/overview,Subbing for EMP,,,,
10/3/2025 20:29:34,1,,B,2,72,A.5,13,29,B,4,43,A.5,15,20,OHH GUARDIAN,Kiuvexity,Kiuvexity,https://overstat.gg/player/272981.Kiuv/overview,Txll,https://overstat.gg/player/4543847.kevin%20nguyen/overview,Ghyst,https://overstat.gg/player/1679250.Ghyst/overview,None of  played in the VESA Apex League Season 11,5,Diamond,All PC,No Scheduling Issues,,,,,,,,,,,,,,,,
9/27/2025 12:57:53,2,,C/D,1,72,B.5,7,39,B,8,31,A.5,16,19,Focus,Saybee,Saybee,https://overstat.gg/player/3056952/overview,pottedplamnt,https://overstat.gg/player/3290956/overview,car1247,https://overstat.gg/player/2979362/overview,None of  played in the VESA Apex League Season 11,3,Diamond,All PC,No Scheduling Issues,Fent Induced Gorilla,,,,,,,,,,,,,,,
9/25/2025 13:53:59,2,,A,6,36,N/A,,,A,19,17,A.5,20,2,PureAqua,Ltto.,Ltto,https://overstat.gg/player/1613972.100T%20ltto./overview,Flaco,https://overstat.gg/player/3284994/overview, Nokk,https://overstat.gg/player/104964/overview,"Yes, all 3 did",5,Apex Predator,All PC,No Scheduling Issues,Place is in div 1,,,,,,,,,Mannik = / -,https://overstat.gg/player/592270.MannikTV/overview,Subbing for ExE,,,,
9/24/2025 18:01:16,3.5,,C/D,5,50,C.5,9,32,C,8,32,B.5,1,74,Kissing Your Dads Toes,Nope Rope,Nope Rope,https://overstat.gg/player/1120555.Nopes%20Ropes/overview,ColedColedWorld,https://overstat.gg/player/1122065.ColedColedWorld/overview,ejustice74,https://overstat.gg/player/1120556.ejustice74/overview,"Yes, all 3 did",5,Diamond,All PC,No Scheduling Issues,"Nope, we appreciate y'all so much for putting this on!",,,,,,,,,,,,,,,
10/2/2025 20:32:42,2,,B,19,14,B.5,5,41,B,11,30,B.5,2,72,norf norf,delli._.,delli._.,https://overstat.gg/player/1344492.delli/overview,rbv_sk8ter,https://overstat.gg/player/1106843.@rbv_sk8ter/overview,galahadfps,https://overstat.gg/player/801.Galahad/overview,None of  played in the VESA Apex League Season 11,5,Masters,All PC,No Scheduling Issues,2 of us played div 1 last time so would prefer div 1 or div 2,Freaky,https://overstat.gg/player/88905.Freakylicous/overview,Subbing for Galahad Placement Day 1,,,,,,,,,,,,
9/28/2025 21:06:29,3.5,,C/D,7,39,C.5,1,84,N/A,,,B.5,3,70,Solstice,thunderstruk,thunderstruk,https://overstat.gg/player/2935317/overview,imsh1ny,https://overstat.gg/player/2935316/overview,imysticvortex,https://overstat.gg/player/378660/overview,"2 of us did, 1 did not",5,Diamond,"Some PC, some console",No Scheduling Issues,Mystic has played VESA league before. His team disbanded before last season started,cant mondays,,,,ProfCoach =,https://overstat.gg/player/2935317/overview,Might sub for Fuzz ,,,,,,Fuzz,https://overstat.gg/player/2986472/overview,subbing for thunder
9/29/2025 22:07:37,2,,B,20,13,B.5,12,29,C,3,52,B.5,4,58,WannaBees,iitznthan,iitznthan,https://overstat.gg/player/50986,lilderpyy,overstat.gg/player/52863,killua32,https://overstat.gg/player/2298447.@WB_Killua/overview,None of  played in the VESA Apex League Season 11,5,Diamond,All PC,No Scheduling Issues,,,,,,Bubble = / + ,https://overstat.gg/player/131094.TTV_BubbleJA/overview,Subbing for Derpy,,,,,,,,
9/27/2025 22:05:15,2,,B,4,49,A.5,16,22,B,15,18,B.5,6,41,Icarus,Shmovinonya (@shmovinonyaofficial),shmovinonya,https://overstat.gg/player/4505362/overview,cashflow,https://overstat.gg/player/4505363/overview,JustTrea,https://overstat.gg/player/12015/overview,None of  played in the VESA Apex League Season 11,4,Masters,All PC,No Scheduling Issues,,,,,,,,,,,,,,,,
9/24/2025 18:10:49,5.5,,E/F,2,62,D.5,2,86,C,2,74,B.5,7,41,Triple Threat,Utterword374743,Utterword374743,https://overstat.gg/player/4275725.Utterword/overview,Xiph,https://overstat.gg/player/962004.Xiph/overview,Ble5sd,https://overstat.gg/player/1154056.GASPITZBLESD/overview,None of  played in the VESA Apex League Season 11,3,Diamond,All PC,Thursday,,,,,,,,,,Lehr = ,https://overstat.gg/player/38369.iLehr/overview,Subbing for Xiph,,,,
9/24/2025 19:10:18,2,,B,14,22,B.5,3,45,B,18,18,B.5,8,37,Protato Force,AiymAPotato,AiymAPotato,https://overstat.gg/player/2349993/overview,dusterbia,https://overstat.gg/player/2435255/overview,thinkso,https://overstat.gg/player/2150736/overview,"Yes, all 3 did",5,Diamond,All PC,No Scheduling Issues,,,,,,,,,,,,,,,,
9/30/2025 18:41:06,2,,B,8,41,A.5,9,37,B,19,14,B.5,10,32,GRIZZLY ,cjsmoove05,cjsmoove05 ,https://overstat.gg/player/189343.CJtoSmooth/overview,tfairo,https://overstat.gg/player/3388017/overview,dalla588,https://overstat.gg/player/300959/overview,"Yes, all 3 did",4,Diamond,All PC,No Scheduling Issues,,,,,,Miggy - ,https://overstat.gg/player/231950.LMN8_MiGGy/overview,Subbing for CJ,,,,,,,,
10/2/2025 19:07:48,2,,B,6,46,A.5,18,17,B,16,18,B.5,5,58,Outcasts,Xyrosec,Xyrosec.,https://overstat.gg/player/2779958.Xyrosec/overview,xireq,https://overstat.gg/player/2700494/overview,isaac6_.,https://overstat.gg/player/4186461.Cyferzn/overview,"2 of us did, 1 did not",4,Diamond,All PC,Monday,for xireq,,,,,,,,,,,,,seeby,https://overstat.gg/player/138807.twitch.tv%2Fapguapo/overview,
9/25/2025 16:10:25,2,,B,16,20,B.5,8,39,B,14,21,B.5,18,13,Los Pollos Hermanos,WinterDeadEye/Cbits,WinterDeadEye,https://overstat.gg/player/146716.TH%20%7C%20winterdeadeye/overview,Cbits,https://overstat.gg/player/1433848.imCBITS/overview,ZorraAssassin,https://overstat.gg/player/1433566.ZorraAssassin/overview,"Yes, all 3 did",5,Diamond,"Some PC, some console",Monday,,Maiden ,https://overstat.gg/player/407405.maidenstar/overview,Subbing in for Cbits Placement Day 1,‚Äî‚Äî‚Äî->,,,subbing game 1 for cbits,,,,,,,,
10/1/2025 16:53:22,3.5,,C/D,1,71,B.5,6,39,B,17,18,B.5,12,24,DNT,Drew,Drew,https://overstat.gg/player/23211.Fartman/overview,Nick,https://overstat.gg/player/1647410.TTV%252,cezrsavage,https://overstat.gg/player/2010605.Cezr/overview,"1 of us did, 2 did not",5,Diamond,All PC,Monday,,,,,,,,,,,,,,,,
,,,,,,,,,,,,,,,Lobby 3 (Line 44),,,,,,,,,,,,,,,,,,,,,,,,,,,,
10/4/2025 1:56:04,2,,B,15,22,B.5,11,30,C,6,46,B.5,9,37,Wiggs ball sweat,smiksmik,smiksmik,https://overstat.gg/player/2131688.yoosmik/overview,slapdash.,https://overstat.gg/player/21914.slap/overview,stefq,https://overstat.gg/player/1539784.stefq_/overview,"1 of us did, 2 did not",3,Platinum,"Some PC, some console",Thursday,LET US IN PLZ,Cotton & Happi,https://overstat.gg/player/3251100.cotton00/overview https://overstat.gg/player/3318361.:)happiaka/overview,Subbing for SlapDash & ehhewhat Placement Day 1,,GhostWridah = / -,https://overstat.gg/player/28785.GHOSTWRIDAH/overview,Subbing for Stefq,,Happi -,https://overstat.gg/player/3318361.:)happiaka%20(teamfight%20terrorist)/overview,Subbing for SlapDash,,Joaqie = / +,https://overstat.gg/player/1486385.joaqie/overview,Subbing for Smirk
9/25/2025 21:46:37,3.5,,C/D,2,57,B.5,9,37,B,12,29,B.5,19,11,Seven Deuce,"aeroexists, cg_goomba",aeroexists,https://overstat.gg/player/3221411/overview,cg_goomba,https://overstat.gg/player/500079/overview,jakegoat,https://overstat.gg/player/2371404/overview,"2 of us did, 1 did not",4,Diamond,All PC,No Scheduling Issues,,,,,,,,,,,,,,,,
9/24/2025 19:43:39,1,,A,5,46,N/A,,,A,17,24,A.5,17,16,3 Hearts Smile,Haki,Haki,https://overstat.gg/player/1111463/overview,m2,https://overstat.gg/player/3800182/overview,Nedlock,https://overstat.gg/player/4064351/overview,"Yes, all 3 did",5,Diamond,All PC,No Scheduling Issues,,Options ,https://overstat.gg/player/39934.options990/overview,Subbing for m2 Placement Day 1,,,,,,,,,,,,
9/25/2025 7:44:05,3.5,,C/D,2,63,B.5,14,22,C,1,82,B.5,11,25,Bee Happy ,"Kevin100000, katelyn0068",Kevin100000,https://overstat.gg/player/2412059/overview,katelyn0068,https://overstat.gg/player/1434864/overview,mr.wu24,https://overstat.gg/player/378659/overview,"2 of us did, 1 did not",5,Diamond,All PC,,,,,,,,,,,,,,,,,
9/24/2025 18:12:15,3.5,,C/D,7,51,C.5,4,50,C,7,42,B.5,13,23,Torchers,Eddyjr85,eddyjr85,eddyjr85,secrets,secrets,Cannedbeans03,Cannedbeans03,"Yes, all 3 did",3,Diamond,All PC,,,,,,,,,,,,,,,,,
9/24/2025 19:49:29,2,,B,10,33,A.5,17,17,B,20,5,B.5,14,21,2 Mice 1 Rat,Double-Take,Double_take,https://overstat.gg/player/1026809/overview,josizino,https://overstat.gg/player/1860310/overview,benjihim,https://overstat.gg/player/4854078/overview,"Yes, all 3 did",5,Diamond,All PC,No Scheduling Issues,Benji forgot his login so he had to get a new steam account. The overstat I sent is for his NEW account.,Jaundy,https://overstat.gg/player/3041798/overview,Subbing in for Jose for Placement Day 1 & 2,,,,,,,,,,,,
10/3/2025 18:49:30,3.5,,C/D,4,51,C.5,18,13,D,1,85,B.5,15,21,66TH ORDER OF MOTL,Nglthatsfair ,Nglthatsfair ,https://overstat.gg/player/777605.FairestOne617/overview,Astris86,https://overstat.gg/player/3276923.Astris86/overview,Pzea.,https://overstat.gg/player/4884843.PZ3A/overview,"2 of us did, 1 did not",4,Masters,"Some PC, some console",No Scheduling Issues,Div 3 here we come,,,,,Asian Mike -,https://overstat.gg/player/783016.AS1AN%20M1KE/overview,Subbing for Astris ,,,,,,,,
10/1/2025 14:58:57,3.5,,C/D,3,56,B.5,18,14,C,4,48,B.5,16,18,Frozen Powerade,AriFGC,AriFGC,https://overstat.gg/player/1537644.AriFGC/overview,DarkApex_1,https://overstat.gg/player/896302.DarkApex/overview,Saaaber,https://overstat.gg/player/21592.%C2%BFSABER%3F/overview,"Yes, all 3 did",5,Diamond,All PC,No Scheduling Issues,,,,,,Hobo -,https://overstat.gg/player/1835064.hobojo/overview,Subbing for Dark,,Guapo = / +,https://overstat.gg/player/138807.twitch.tv%2Fapguapo/overview,Subbing for Dark,,,,
9/27/2025 21:56:39,2,,B,9,37,A.5,20,9,N/A,,,B.5,17,15,LAM,k_wal8,k_wal8,https://overstat.gg/player/3820906/overview,chalinosanchez,https://overstat.gg/player/3820907/overview,riverdragonz,https://overstat.gg/player/3820908/overview,None of  played in the VESA Apex League Season 11,3,Diamond,All PC,Wednesday,,,,,,,,,,,,,,,,
10/1/2025 18:35:04,3.5,,C/D,6,46,C.5,7,42,C,5,46,B.5,20,9,Gaming Uncles,inoriboob,ssjninja201,https://overstat.gg/player/3041797/overview,thunderrsleeps,https://overstat.gg/player/4766842/overview,inoriboob,https://overstat.gg/player/3041796/overview,"Yes, all 3 did",3,Masters,All PC,No Scheduling Issues,,,,,,,,,,,,,,,,
9/24/2025 18:30:08,3.5,,C/D,8,38,C.5,2,63,C,15,22,C.5,1,93,El Drip,@kentekkgg,@kentekkgg,https://overstat.gg/player/3974997.DRIP_ItsShunny/overview,@z0ldyz ,https://overstat.gg/player/1584167.CapybarasGoRAWRR/overview,@itsyoboigothy ,https://overstat.gg/player/33663.DRIP_itsyoboigothy/overview,None of  played in the VESA Apex League Season 11,5,Masters,"Some PC, some console","Monday, Wednesday",,,,,,,,,,,,,,Dijai,https://overstat.gg/player/1515392.Dijaii/overview,Subbing for Kentek
10/4/2025 2:28:00,3.5,,C/D,11,32,C.5,8,33,C,9,31,C.5,2,65,The Royal Knights,MrNachoman,MrNachoman,https://overstat.gg/player/3923403.MrNachoman/overview,KadenGibbs,https://overstat.gg/player/4799740.kadengibbs/overview,Grainger_,https://overstat.gg/player/4576589.graingerous/overview,None of  played in the VESA Apex League Season 11,5,Diamond,All PC,No Scheduling Issues,,Pastordisaster,https://overstat.gg/player/4714908.PastrDisastr348/overview,Subbing for Grainger Placement Day 1,,,,,,,,,,apguapo,https://overstat.gg/player/138807.twitch.tv%2Fapguapo/overview,subbing for grainger
9/25/2025 1:05:42,3.5,,C/D,13,23,C.5,20,7,D,5,50,C.5,4,47,Fearnotz,saki_201,saki_201,https://overstat.gg/player/392271.Saki%20%3C3/overview,Addax_,https://overstat.gg/player/3116170.AddaxV4-_-/overview https://overstat.gg/player/575489.rroselia/matches,dayarik1,https://overstat.gg/player/1183460.DaS8157/matches ,"Yes, all 3 did",5,Diamond,"Some PC, some console",No Scheduling Issues,"Addax has 2 overstats, one from his old account and one that he played in vesa with us last season.",,,,,,,,,,,,,,,
9/25/2025 23:24:40,3.5,,C/D,8,38,C.5,14,24,D,4,58,C.5,5,44,Last Place Secured,@vnxshoya,@vnxshoya,https://overstat.gg/player/46649.AG%20Shoya/overview,@s3mikey,https://overstat.gg/player/96626.%2F%2F%2FbaeV/overview,@cookiebagels,https://overstat.gg/player/4519301.cookiebagels/overview,None of  played in the VESA Apex League Season 11,5,Masters,All PC,No Scheduling Issues,,,,,,,,,,,,,,,,
10/4/2025 11:57:14,5.5,,E/F,3,66,D.5,11,28,D,7,44,C.5,6,40,Bandit Beaters,grimsly_,grimsly_,never played in a overstat tournament,yonko8496,never played in a overstat tournament,zhnkaii.,never played in a overstat tournament,None of  played in the VESA Apex League Season 11,3,Diamond,"Some PC, some console",No Scheduling Issues,we cant put our oversight link,,,,,,,,,,,,,,,
10/1/2025 1:15:49,2,,B,18,15,B.5,15,20,D,3,60,C.5,7,39,Temple University,"duck8624, smartgaming",duck8624,https://overstat.gg/player/4736159.Siimmplicity/overview,smartgaming,https://overstat.gg/player/1860311/overview,rushdash,https://overstat.gg/player/18576/overview,None of  played in the VESA Apex League Season 11,5,Masters,All PC,No Scheduling Issues,,Zycen,https://overstat.gg/player/2824499.TU%20Zycen/overview,Subbing for Dash Placement Day 1,,Hootels - Howell = / +,https://overstat.gg/player/3885292.Hootels/overview,Subbing for Dash & Eli,,Hootels =,https://overstat.gg/player/2729093/overview,Subbing for Eli ,,,,
9/24/2025 19:48:19,3.5,,C/D,12,29,C.5,6,46,C,16,17,C.5,8,39,Ho Ho Headshots,xJusGavx ,xJusGavx,https://overstat.gg/player/2062720/overview,bookworm669,https://overstat.gg/player/1146754/overview,santaklaus2003,https://overstat.gg/player/2701772/overview,"Yes, all 3 did",4,Diamond,All PC,No Scheduling Issues,OpNate my goat,,,,,,,,,,,,,,,
9/27/2025 13:17:32,2,,B,11,24,B.5,16,20,C,18,13,C.5,9,36,8th Gate,@cletesensei,cletesensei,https://overstat.gg/player/1910.@cletesensei/overview,stoney.balogna,https://overstat.gg/player/1034915.StoneyBalogna/overview,rbronxasaur,https://overstat.gg/player/1127860.sadraichu/overview,None of  played in the VESA Apex League Season 11,4,Masters,All PC,No Scheduling Issues,,,,,,,,,,Trasher -,https://overstat.gg/player/4576558.B_Trasher/overview,Subbing for Wrecker,,,,
9/24/2025 20:03:25,3.5,,C/D,6,53,C.5,10,32,C,10,29,C.5,10,31,Tsunami Pissers,fear8035,fear8035,https://overstat.gg/player/4207136/overview,Camelinaboat0273,https://overstat.gg/player/3657171/overview,fuzegravity1,https://overstat.gg/player/3657172/overview,"1 of us did, 2 did not",5,Masters,All PC,No Scheduling Issues,,,,,,,,,,,,,,,,
9/24/2025 19:46:58,5.5,,C/D,19,5,D.5,13,28,D,6,45,C.5,13,27,NESSIES FOR YOU ,Willakatree,WillakaTree,https://overstat.gg/player/3221410,angxelah,https://overstat.gg/player/2498880,canadiansyrup__,https://overstat.gg/player/186466,"2 of us did, 1 did not",5,Diamond,All PC,No Scheduling Issues,,Unaveragebutter,https://overstat.gg/player/3627,Subbing for Syrup in Placement Day 1,,,,,,,,,,,,
,,,,,,,,,,,,,,,Lobby 4 (Line 65),,,,,,,,,,,,,,,,,,,,,,,,,,,,
9/27/2025 21:29:21,3.5,,C/D,9,35,C.5,5,50,C,11,28,C.5,17,10,i see how it is,Celsius,Celsius,https://overstat.gg/player/1405205.i%20miss%20her%20(arenas)/overview,Zendikar,https://overstat.gg/player/2707278/overview,Heishi,https://overstat.gg/player/3320830/overview,None of  played in the VESA Apex League Season 11,3,Diamond,All PC,No Scheduling Issues,,,,,,,,,,Jaeger ? ,https://overstat.gg/player/3637915.Jaeger_Dyn%20%7C%20Twitch/overview,Subbing for Heishi,,,,
10/2/2025 14:09:13,3.5,,N/A,,,C.5,12,29,D,9,35,C.5,3,49,Jedi Mind Tricks,MrrrAndersonnn,MrrrAndersonnn,https://overstat.gg/player/264839.MrrrAndersonnn/overview,depravedwizzard,https://overstat.gg/player/3804705/overview,drdtheinevitable,https://overstat.gg/player/3804704/overview,None of  played in the VESA Apex League Season 11,3,Diamond,All console,Monday,,,,,,,,,,,,,,,,
10/2/2025 14:05:55,2,,B,13,22,B.5,17,16,D,10,33,C.5,,,Wallie Warriors,ebok,ebok,https://overstat.gg/player/29762.ebokfps/overview,harmo,https://overstat.gg/player/4961391/overview,AngelB,https://overstat.gg/player/4961390/overview,None of  played in the VESA Apex League Season 11,3,Diamond,All PC,No Scheduling Issues,"im currently waiting on a new work schedule, but im positive i can still make most gametimes",,,,,,,,,,,,,,,
10/1/2025 15:10:01,3.5,,C/D,3,57,B.5,19,14,C,12,26,C.5,11,30,Pink Pony Club,"SoleSky, fokkyu, potter",SoleSky,https://overstat.gg/player/1120381.SoleSky/overview,Phokkyu,https://overstat.gg/player/753371/overview,Potter,https://overstat.gg/player/753373.Potter/overview,"Yes, all 3 did",4,Diamond,All PC,Wednesday,,,,,,.womps -,https://overstat.gg/player/760644/overview,Subbing for Potter,,,,,,,,
9/24/2025 18:02:01,5.5,,E/F,1,77,D.5,1,89,C,14,25,C.5,16,23,Concrete Jungle,G2theRiffin,G2theRiffin,https://overstat.gg/player/1167362.G2theRiffin/overview,shueisha,https://overstat.gg/player/1835051.shueisha/overview,bigben1248,https://overstat.gg/player/362552.BigBen1248/overview,"Yes, all 3 did",3,Platinum,All PC,No Scheduling Issues,,,,,,,,,,,,,,,,
9/24/2025 17:58:43,3.5,,C/D,9,36,C.5,16,19,D,2,61,C.5,18,7,Straw Hats,Khaotic Yang,Khaotic Yang,https://overstat.gg/player/787436.KhaoticYang/overview,TripleThreatG75,https://overstat.gg/player/708152.TTV%20%7C%20TripleThreatG75/overview,YinSlayys,https://overstat.gg/player/1100993.Yin%20Slayys/overview,None of  played in the VESA Apex League Season 11,2,Diamond,All PC,No Scheduling Issues,,,,,,,,,,,,,,,,
9/24/2025 21:30:12,3.5,,C/D,10,29,C.5,13,27,C,13,26,C.5,14,27,Team Hibiscus ,Rakkideeznuts,Rakkideeznuts,https://overstat.gg/player/20570/overview,balynce,https://overstat.gg/player/2459695/overview,nickatni7e,https://overstat.gg/player/2381748/overview,"Yes, all 3 did",4,Platinum,All PC,No Scheduling Issues,Please put me in Div 3 Promo relegation no bueno üòû,Options ,https://overstat.gg/player/39934.options990/overview,Subbing for Nick Placement Day 1,,,,,,,,,,,,
9/29/2025 1:29:47,5.5,,E/F,3,56,D.5,6,37,D,8,40,C.5,19,3,Fearsome Foursome,TheCorruptTeacher,TheCorruptTeacher,https://overstat.gg/player/307552.The%20Corrupt%20Teacher/overview,Dmanloc,https://overstat.gg/player/749155.DmanLOC/overview,mereoleona._.,https://overstat.gg/player/82449/overview,"Yes, all 3 did",3,Diamond,All PC,No Scheduling Issues,Clockwork should be normal sub https://overstat.gg/player/1113013.ItzClockwork/overview,Clockwork ,https://overstat.gg/player/1113013.ItzClockwork/overview,Subbing in for Melo or Dman Placement Day 1,‚Äî‚Äî‚Äî>,,,,‚Äî‚Äî‚Äî>,,,may or may not sub ,‚Äî‚Äî‚Äî>,,,
10/3/2025 17:50:38,3-4,,C/D,13,23,C.5,17,16,D,11,31,N/A,,,NordikSyncUniverse,@rspecnico,@rspecnico,https://overstat.gg/player/4603244.SUA_Idle/overview,@l3punk,https://overstat.gg/player/4724201.SU%20L3Punk/overview,@raymj8,https://overstat.gg/player/5015914.RayJi/overview,None of  played in the VESA Apex League Season 11,3,Platinum,"Some PC, some console",Wednesday,We might have one guy that will sub time to time,,,,,Hero =,https://overstat.gg/player/4603245.SU_Hero_/overview,,,,,,,,,
10/2/2025 13:51:43,3.5,,C/D,17,16,D.5,5,37,D,18,13,D.5,1,70,Waffle Cone,"Stabjackal, The-Optimistic-Stoic",Stabjackal,https://overstat.gg/player/1065768.F5%20%7C%20Stabjackal/overview,The-Optimistic-Stoic,https://overstat.gg/player/435948.the-optimistic-stoic/overview,Zimm,https://overstat.gg/player/897479.BruddahZimm/overview,"Yes, all 3 did",5,Diamond,All PC,No Scheduling Issues,I was div 3 last season but like... come on meow,,,,,,,,,,,,,,,
9/25/2025 19:48:52,3.5,,C/D,12,26,C.5,19,8,D,20,4,D.5,2,66,Stargazers,blujay._,blujay._,https://overstat.gg/player/506562.blujay._/overview,.unix.,https://overstat.gg/player/533769.Unix%20IRL/overview,envyxskillet,https://overstat.gg/player/970633.envyxskillet/overview,"Yes, all 3 did",5,Diamond,All PC,Wednesday,,Compass,https://overstat.gg/player/946423.CompasThepigeon/overview,Subbing for Envy Placements Day 1 & 2 ,‚Äî‚Äî-> ,,,,,Kulutch =,https://overstat.gg/player/54675.Kulutch/overview,Subbing for Envy,,,,
9/24/2025 18:07:09,5.5,,E/F,1,72,D.5,20,5,E,10,36,D.5,3,61,MeeHoyyMinoyy,:)MrBr0janglessss (DoodleBob),MrBr0jangles05,https://overstat.gg/account/overview,Sawabawa,NO OS,yinmaii,https://overstat.gg/player/2219210.vHazel/overview,"1 of us did, 2 did not",5,Diamond,"Some PC, some console",No Scheduling Issues,,,,,,TDobz =,https://overstat.gg/player/194373.ADPT%20Tdobzz/overview,Subbing for Bo,,,,,,,,
10/1/2025 15:38:51,3.5,,C/D,4,55,B.5,13,23,C,20,6,C.5,15,24,Diamond Dawgs,crashingintomars,crashingintomars,https://overstat.gg/player/117451.Crash/overview,olivergrant86,https://overstat.gg/player/152253/overview,mattyk3ng,https://overstat.gg/player/91580/overview,"Yes, all 3 did",5,Diamond,All PC,Monday,,,,,,,,,,,,,,,,
9/27/2025 23:01:09,3.5,,N/A,,,C.5,,,C,17,15,C.5,12,29,Ardor Impact,@icerecedo,@icerecedo,https://overstat.gg/player/1197529.AI%20Conger/overview,@jordietyler,https://overstat.gg/player/1708352.AI%20JoJoi/overview,Ape,https://overstat.gg/player/4314011.Biomains/overview,None of  played in the VESA Apex League Season 11,5,Masters,"Some PC, some console","Monday, Wednesday","Cannot play on Wednesday, October 8th (Placement Day 2)",,,,,,,,,,,,,,,
9/24/2025 18:14:04,3.5,,C/D,15,18,D.5,3,48,D,13,25,D.5,4,50,Kirkland Signature Esports,Oshe Palms Unjaded,Oshe,https://overstat.gg/player/1621070.LGG!%20Oshe/overview,Unjaded,https://overstat.gg/player/1621068.GRO%20gLow/overview,Palms,https://overstat.gg/player/2469517.Chill%20Guy%20Palms/overview,"Yes, all 3 did",5,Diamond,All PC,No Scheduling Issues,,,,,,,,,,,,,,,,
9/25/2025 12:53:10,5.5,,E/F,11,32,E.5,1,74,E,3,53,D.5,6,47,OMPA,BobbyBooshayy ,BobbyBooshayy,https://overstat.gg/player/455959.BobbyBooshayy/overview,Patback ,https://overstat.gg/player/455979/overview,NitrousSaturn,https://overstat.gg/player/519453.NitrousSaturn49/overview,"Yes, all 3 did",3,Platinum,All PC,No Scheduling Issues,,,,,,,,,,,,,,,,
9/25/2025 15:11:57,3.5,,C/D,16,19,D.5,18,17,E,1,70,D.5,7,45,Casual Gooning,"BilliardHorn, Mootzel",BilliardHorn,https://overstat.gg/player/2975809.CG%20BilliardHorn/overview,mootzel,https://overstat.gg/player/2775249.Mootzel/overview,artemisgg_,https://overstat.gg/player/2975811.@ArtemisGG_/overview,"Yes, all 3 did",3,Diamond,All PC,No Scheduling Issues,,Fork,https://overstat.gg/player/21918.ImTheBigFork/overview,Subbing for Horn on Placement Day 4,‚Äî‚Äî->,,,Subbing for Mootzel,,,,,,,,
10/3/2025 2:04:50,5.5,,E/F,16,19,E.5,4,57,E,6,49,D.5,8,34,Karnage,Karnivorr,Karnivorr,https://overstat.gg/player/1120375.Karnivorrr/overview,thegunner6092,https://overstat.gg/player/1120377.TheGunner2533/overview,matt612.,https://overstat.gg/player/1120376.HA1L%20RG3/overview,"Yes, all 3 did",5,Diamond,All console,No Scheduling Issues,,,Busch = / +,https://overstat.gg/player/3404796.Big%20Daddy%20Busch/overview,Subbing for Matt,,,,,,,,,,,
10/3/2025 15:09:30,3.5,,C/D,5,54,B.5,20,3,D,15,17,D.5,,,T2G Esports,bruinsfan4022,vitalsheldon,https://overstat.gg/player/5046980.triplcross/overview,bruinsfan4022,https://overstat.gg/player/4950134/overview,spike4728,https://overstat.gg/player/4950132/overview,None of  played in the VESA Apex League Season 11,3,Platinum,All PC,Wednesday,,,,,,,,,,,,,,,,
9/25/2025 20:50:37,5.5,,E/F,14,21,F.5,1,103,E,11,34,D.5,5,49,Cleveland Forge,Mango,Mango,https://overstat.gg/player/684080.DWE%20Mango/overview,Teach Da Youth,https://overstat.gg/player/53953.Teachdayouth28/overview,Parcifal,https://overstat.gg/player/910643.DWE%20Parcifal/overview,"Yes, all 3 did",5,Platinum,All PC,No Scheduling Issues,,,,,,,,,,,,,,,,
,,,,,,,,,,,,,,,Lobby 5 (Line 86),,,,,,,,,,,,,,,,,,,,,,,,,,,,
9/30/2025 15:57:36,3.5,,E/F,8,36,E.5,5,46,E,2,55,D.5,12,26,Cream Team,"Twelvegage, supreme",Twelvegage,U already schnow,Supreme,Bad at game,Impish,Also bad,"Yes, all 3 did",5,Rookie,All PC,Thursday,,OvP Diablo ,https://overstat.gg/player/2707717.OvP%20Diablo/overview,Subbing for Imp Placement Day 1,,,,,,,,,,,,
9/24/2025 18:25:47,3.5,,C/D,11,26,C.5,11,29,D,16,15,D.5,10,30,Dino Nugs,Ayla and Tay,Ayla,https://overstat.gg/player/192627.ayla/overview,Tay,https://overstat.gg/player/91574.Tay_aka_Tyr/overview,Clarkgriswold,https://overstat.gg/player/195436.ClarkGriswold/overview,"Yes, all 3 did",4,Platinum,All PC,No Scheduling Issues,"I know Dino Nugs has been sweaty in the past, we're chill dino nugs this season, embracing full beer league (aka we can basically only play league nights).",Vin,https://overstat.gg/player/455935.shadow_luci_/overview,May potentially sub for placement day 1,,,,,,,,,,,,
9/24/2025 18:04:07,3.5,,C/D,14,23,D.5,7,36,D,17,14,D.5,9,32,Reales,@gachu04,@gachu04,https://overstat.gg/player/1798861.Gachu/overview,@hcmeeks,https://overstat.gg/player/1798860.hcmeeks/overview,@royrl,https://overstat.gg/player/1975825.camaleonrosado/overview,None of  played in the VESA Apex League Season 11,5,Platinum,"Some PC, some console",No Scheduling Issues,,Ghost ,https://overstat.gg/player/2824048.GhostDyga/overview,Subbing for Placement Day 1,,GS6 - ,https://overstat.gg/player/5066205.GS6abad95/overview,Subbing for Roy,,,,,,,,
9/24/2025 17:55:01,3.5,,C/D,18,13,D.5,15,23,E,4,50,D.5,11,27,LNC,ML_josh,ML_josh,https://overstat.gg/player/3447074.jo_morales7/overview,Xipugz,https://overstat.gg/player/1516024.XI%20PuGz/overview,rgna_viper,https://overstat.gg/player/3447073.Oniplayr/overview,"Yes, all 3 did",4,Diamond,"Some PC, some console",No Scheduling Issues,,,,,,,,,,Kai = / -,https://overstat.gg/player/2007624.kaiAintHere/overview,Subbing for Viper,,,,
9/29/2025 22:26:14,3.5,,C/D,14,21,D.5,8,34,D,12,27,D.5,13,26,BaM ,iRonnoc,iRonnoc,https://overstat.gg/player/1071412.iiRonnoc/overview,Bam_clutch,https://overstat.gg/player/1071411.BaM_Clutch/overview,Bam_reavor,https://overstat.gg/player/1071413.Reavor/overview,"2 of us did, 1 did not",5,Platinum,All PC,"Wednesday, Thursday",Wednesday and Thursday will be hit or miss for us. One of us has an inconsistent work schedule,,,,,,,,,,,,,,,
9/24/2025 20:50:35,3.5,,C/D,18,10,D.5,4,38,D,14,24,D.5,14,25,Paradox Gaming,ayywire,aywire,https://overstat.gg/player/3707093/overview,jota0620,https://overstat.gg/player/4324442/overview,itsdajokr,https://overstat.gg/player/4259034/overview,"2 of us did, 1 did not",4,Platinum,All PC,No Scheduling Issues,,,,,,Krakn = ,https://overstat.gg/player/3707092/overview,Subbing for TK,,,,,,Kraknn,https://overstat.gg/player/3707092/overview,subbing for TK
9/28/2025 23:58:36,5.5,,E/F,2,71,D.5,17,18,E,5,50,D.5,15,15,PHOnomenal ,Axiom,Axiom,https://overstat.gg/player/4409302.Gible/overview,Riceman,https://overstat.gg/player/3115920.alphabet/overview,Monka,https://overstat.gg/player/4409304/overview,"Yes, all 3 did",3,Platinum,All PC,"Monday, Thursday","PHO REAL?? no PHOnomenal, please keep the capitalizations if possible ",,,,,,,,,,,,,Pulsar,https://overstat.gg/player/4409303.Pulsar/overview,For axiom
9/24/2025 18:26:07,3.5,,C/D,19,10,D.5,16,20,E,9,40,D.5,16,13,Est Mango Mafia ,".xhander, stobinhr757",.xhander,https://overstat.gg/player/45563.BIG%20xhander/overview,Est_wattz,https://overstat.gg/player/378622.EST%20Wattzz/overview,stobinhr757,https://overstat.gg/player/400955.Mango%20Burger/overview,"2 of us did, 1 did not",5,Diamond,All PC,Thursday,"i love the vesa team, even rakki! kinda..",PeeWee & oFFMenu,https://overstat.gg/player/985321.EST_PeePee/overview  https://overstat.gg/player/1135286.oFFMenu/overview,Subbing in for Hander & Wattz Placement Day 1,,,,,,,,,,,,
9/24/2025 21:53:06,5.5,,E/F,8,35,E.5,8,32,E,7,48,D.5,17,11,Hangin' Brain,hpandthesorcerorstiddy,hpandthesorcerorstiddy,https://overstat.gg/player/3087364/overview,kitkatmeow,https://overstat.gg/player/3335657/overview,mauser,https://overstat.gg/player/3335658/overview,"Yes, all 3 did",3,Platinum,All PC,No Scheduling Issues,Kisses,,,,,,,,,,,,,,,
9/29/2025 12:34:06,5.5,,E/F,4,49,D.5,10,28,D,19,11,D.5,18,11,No Peel,hakobo,hakobo,https://overstat.gg/player/1135360.HaKobo/overview,realboty,https://overstat.gg/player/1135359.baughty/overview,chicagobias,https://overstat.gg/player/1680083.GGMantisToboggan/overview,"Yes, all 3 did",5,Platinum,All PC,No Scheduling Issues,,Coop & Neko,https://overstat.gg/player/2299939.CoopFromDaStoop/overview   https://overstat.gg/player/1136175.NoPeelNeko/overview, Placement Day 1 subbing for a few games for Bing Wing & Boty,‚Äî‚Äî>,,,,‚Äî‚Äî‚Äî> ,,,Subbing for Wing & Boty,,NekoNekoNyan,https://overstat.gg/player/1136175.NoPeelNeko/overview,subbing for realboty
9/24/2025 18:16:30,5.5,,E/F,6,45,E.5,9,30,E,8,40,N/A,,,Tiny Timmys,Stonespy946_56549,Stonespy946_56549,https://overstat.gg/player/1120359.StoneSpy946/overview,Denk_Jenkinson,https://overstat.gg/player/1120357.Denk%20Jenkinson/overview,Scarab65,https://overstat.gg/player/1120358.JokingScarab65/overview,"2 of us did, 1 did not",5,Diamond,All console,Wednesday,,,,,,Lime +,https://overstat.gg/player/1842850.Lime%20Grass%200/overview,Subbing for Scarab ,,,,,,,,
10/3/2025 21:47:54,4-6,,E/F,5,54,E.5,6,41,E,,,E.5,1,74,Thought it was safe,Zonkerino,zonkerino,https://overstat.gg/player/194192.ZonkyWonky/overview,dycoral,https://overstat.gg/player/295213.Dycoral/overview,cubanobread2,https://overstat.gg/player/3753844.CubanoBread/overview,None of  played in the VESA Apex League Season 11,4,Diamond,"Some PC, some console",No Scheduling Issues,,,,,,,,,,Not Andrew?,https://overstat.gg/player/2686085.notAndrew/overview,Subbing for Cubano,,,,
9/24/2025 19:56:58,5.5,,E/F,14,24,E.5,12,29,F,3,54,E.5,2,52,FCKU2,bradyvision,bradyvision,https://overstat.gg/player/1621033.bradyvision/overview,jhelly,https://overstat.gg/player/3728416/overview,ivionty,https://overstat.gg/player/4396432/overview,"2 of us did, 1 did not",4,Platinum,All PC,No Scheduling Issues,,,,,,,,,,,,,,,,
10/4/2025 11:39:41,5.5,,E/F,4,55,D.5,12,28,E,12,29,E.5,3,49,Sakura,kyuuWar,kyuuWar,https://overstat.gg/player/144914.kyuuWar/overview,Sangre2Day,https://overstat.gg/player/2607948/overview,WickedArcher,https://overstat.gg/player/2542963/overview,None of  played in the VESA Apex League Season 11,3,Diamond,"Some PC, some console",No Scheduling Issues,,,,,,ketchup boy = or + / Strawberry =,https://overstat.gg/player/2190088/overview https://overstat.gg/player/2684769.StrawberryPhox/overview,Subbing for War & Archer ,,,,,,,,
9/28/2025 23:53:17,3.5,,C/D,16,17,D.5,14,23,E,14,24,E.5,4,47,BoysNightOut,KindlyMonkey,KindlyMonkey,https://overstat.gg/player/2887074.KindlyMonkey/overview,Meepmoe6,https://overstat.gg/player/3305957.BNO_Meepmoe6/overview,Addedayo,https://overstat.gg/player/3588505.addedayo/overview,"Yes, all 3 did",4,Diamond,"Some PC, some console",Wednesday,KindlyMonkey's a bum CAN ONLY PLAY MONDAYS,,,Will not make placement day 4,,oalios = ,https://overstat.gg/player/965622/overview,Subbing for Monkey,,Jasper =,https://overstat.gg/player/525530.sfs%20spoken/overview,Subbing for Meep,,J-dawg,https://overstat.gg/player/1374031/overview,subbing for meep
9/27/2025 8:08:46,3.5,,C/D,10,35,C.5,15,21,E,18,9,E.5,5,41,The Cult,"zourafa12, laceycs, Indigo",zourafa12,https://overstat.gg/player/1035913.zourafa12/overview,Indigo,https://overstat.gg/player/961161/overview,laceycs,https://overstat.gg/player/1035914/overview,"Yes, all 3 did",5,Diamond,"Some PC, some console",No Scheduling Issues,"mondays work BEST for Indigo, the PREFERENCE is no wednesday or thursday, but I can do it if we get sorted there",,,,,,,,,,,,,,,
9/25/2025 17:45:53,5.5,,E/F,17,18,F.5,14,22,F,11,30,E.5,6,40,The Wave,"l3otox, tsfmonty, Stinkerson",Stinkerson,https://overstat.gg/player/2189329/overview,tsfmonty,https://overstat.gg/player/1120369/overview,l3otox,https://overstat.gg/player/1831908/overview,"Yes, all 3 did",5,Diamond,All PC,Thursday,I don't actually know what rank Bo and Monty usually are but y'all know us :),,,,,,,,,Nars Lootbar = / +,https://overstat.gg/player/1120371.Nars%20Lootbaar/overview,Subbing for Botox,,Ram,https://overstat.gg/player/134188.ramshackle786/overview,for Monty
10/1/2025 17:24:33,5.5,,E/F,12,26,E.5,11,29,F,1,72,E.5,7,39,Baked Goods,jek__23,jek__23,https://overstat.gg/player/999600.JEK/overview,ph8l,https://overstat.gg/player/182305.MayBPh8L/overview,bakedpotato1213,https://overstat.gg/player/324277.BakedPotato1213/overview,"Yes, all 3 did",4,Platinum,All PC,No Scheduling Issues,,,,,,,,,,,,,,,,
9/30/2025 7:49:44,3.5,,C/D,17,12,D.5,9,30,E,17,18,E.5,8,38,Apex Tee-Ball Team #1,apogaeon,apogaeon,https://overstat.gg/player/4652425/overview,DANimal,https://overstat.gg/player/5036933/overview,Ghostface955,https://overstat.gg/player/3978689/overview,"1 of us did, 2 did not",3,Masters,All PC,No Scheduling Issues,,,,,,,,,,,,,,,,
9/27/2025 21:20:29,5.5,,E/F,13,23,E.5,2,59,E,15,24,E.5,15,27,Rabid,Toonz,Toonz,https://overstat.gg/player/1010573.RBD%20Toonz/overview,Hound,https://overstat.gg/player/928044/overview,Tphilly,https://overstat.gg/player/925827/overview,"Yes, all 3 did",3,Diamond,All PC,No Scheduling Issues,,Tamir & Zomb,https://overstat.gg/player/2556530.JustTam1r-TTV/overview   https://overstat.gg/player/30496.LVX%20Z0MB/overview,Subbing for Hound and Toonz Placement Day 1,JustTamir captain as Day 2 sub,,,,,Tamir = / + & Zomb = / +,https://overstat.gg/player/2556530.JustTam1r-TTV/overview https://overstat.gg/player/30496.LVX%20Z0MB/overview,Subbing for Toonz few games & Hound ,,,,
,,,,,,,,,,,,,,,Lobby 6 (Line 107),,,,,,,,,,,,,,,,,,,,,,,,,,,,
9/24/2025 19:44:55,5.5,,E/F,5,44,E.5,3,58,E,16,21,E.5,18,16,The Yacht Motel,BlueGreek,BlueGreek,https://overstat.gg/player/2779957.BlueGreek/overview,1cry_babe,https://overstat.gg/player/3063988/overview,huckleberry2319,https://overstat.gg/player/2471367/overview,"2 of us did, 1 did not",4,Platinum,All PC,Thursday,,,,,,Brandon = / +,https://overstat.gg/player/2779959.Brandon/overview,Subbing for Night Night,,,,,,,,
9/24/2025 18:29:04,7,,G,5,57,F.5,5,39,F,4,53,E.5,10,33,Cartel,yumisyzygy,yumisyzygy,https://overstat.gg/player/4759376,algunangel,https://overstat.gg/player/1607465,g4rhamza,https://overstat.gg/player/3268599,None of  played in the VESA Apex League Season 11,1,Platinum,All PC,No Scheduling Issues,,,,,,,,,,,,,,,,
9/29/2025 12:40:18,5.5,,E/F,9,35,E.5,19,14,F,5,49,E.5,9,38,Wagon station,JuiceboxSlays,JuiceboxSlays,https://overstat.gg/player/1885.JuiceboxSlays%20(washed)/overview,AverageDrae,https://overstat.gg/player/395609.AverageDrae/overview,StingraySlapper,https://overstat.gg/player/4440333.StingraySlapper/overview,"Yes, all 3 did",2,Gold,All PC,No Scheduling Issues,,,,,,,,,,,,,,Tamir = / +,https://overstat.gg/player/2556530.JustTam1r-TTV/overview,Subbing for Stingray
9/24/2025 18:26:18,5.5,,E/F,13,25,E.5,10,29,F,2,67,E.5,13,31,Hunting Chuds Bungus,BungusElite / Raz / Huntingfool,BungusElite,https://overstat.gg/player/2449676.BungusElite/overview,Raz,https://overstat.gg/player/519415/overview,Huntingfool,https://overstat.gg/player/2377012/overview,"2 of us did, 1 did not",5,Platinum,All PC,Monday,Bungus may need to drop if we play on mondays ,,,,,ChudBungus + Wolf = ,https://overstat.gg/player/2124104/overview https://overstat.gg/player/3334231/overview,Subbing for Raz & Hunting for game 1,,,,,,,,
9/25/2025 11:15:21,5.5,,E/F,9,35,E.5,14,26,F,10,32,E.5,12,33,Mike's Chill Summer,"ChefMike, Chill Guy Kien, Summerlanegg",ChefMike,https://overstat.gg/player/1374032.ChefMike/overview,Chill guy kien,https://overstat.gg/player/999599.chill%20guy%20kien/overview,summerlanegg,https://overstat.gg/player/25482.SummerLaneGG/overview,"2 of us did, 1 did not",4,Platinum,All PC,"Wednesday, No Scheduling Issues","i do generally work Wednesdays, but can probably work something out if need be",Asian Mike ,https://overstat.gg/player/783016.AS1AN%20M1KE/matches,Subbing for Dan game 1 Placement Day 1,,,,,‚Äî‚Äî>,,,Subbing for Kien,,,,
10/3/2025 10:27:04,5.5,,E/F,10,28,E.5,16,19,F,8,37,E.5,14,31,DucK1ng Loko,K1ng13east,K1ng13east,https://overstat.gg/player/543401.K1ng13east/overview,Interstellar Duck,https://overstat.gg/player/182304.Interstellar%20Duck/overview,EMBloko,https://overstat.gg/player/635568.EMB%20Loko/overview,"1 of us did, 2 did not",3,Platinum,"Some PC, some console",Thursday,,,,,,,,,,,,,,Woelkie =?,https://overstat.gg/player/667116.Woelkie/overview,Subbing for Duck
9/24/2025 21:36:36,7,,G,3,59,F.5,3,54,F,6,39,E.5,16,25,Motion,xxDaji,xxDaji,https://overstat.gg/player/39451.xxDaji/overview,notbrooklynn,https://overstat.gg/player/77678.@NotBrooklynn/overview,nochoir_,https://overstat.gg/player/4264292.andra%20‚àû/overview,None of  played in the VESA Apex League Season 11,1,Platinum,"Some PC, some console",No Scheduling Issues,,,,,,,,,,,,,,,,
9/25/2025 17:42:22,3.5,,C/D,15,21,D.5,19,15,E,13,28,E.5,17,22,Maet Xepa,find0utt_TTV,find0utt_TTV,https://overstat.gg/player/255551.find0utt_TTV/overview,GraffixFPS,https://overstat.gg/player/753161.GraffixFPS/overview,Zewski,https://overstat.gg/player/2156292.zewski/overview,"2 of us did, 1 did not",5,Diamond,All PC,No Scheduling Issues,,,,,,,,,,,,,,,,
9/27/2025 17:32:32,5.5,,E/F,10,34,E.5,7,37,E,19,5,E.5,19,12,Revive and Repeat,Hurt,Hurt,https://overstat.gg/player/239414.Hurt/overview,TakeitEezy,https://overstat.gg/player/1100975/overview,siyoshiwakona,https://overstat.gg/player/2877334.siyoshiwakona/overview,"Yes, all 3 did",5,Platinum,"Some PC, some console",No Scheduling Issues,,,,,,,,,,Options +,https://overstat.gg/player/39934.options990/overview,Subbing for Eezy,,DeeMo44,https://overstat.gg/player/1253094.DeeMo_Gaming/overview,subbing for eezy
9/30/2025 13:01:56,5.5,,E/F,6,41,E.5,13,26,F,9,34,E.5,20,12,OV-HO's,Frank Newcastle (EclipseEh),Frank Newcastle (EclipseEh),https://overstat.gg/player/287978/overview,OniHeishi ,https://overstat.gg/player/255548/overview,TommyFronto,https://overstat.gg/player/455933/overview,"2 of us did, 1 did not",4,Diamond,All PC,"Thursday, No Scheduling Issues",,Beastly ,https://overstat.gg/player/5036961/overview,Placement Day 1 & 2 Sub,,,,,,,,,,,,
9/27/2025 12:42:49,5.5,,E/F,19,8,F.5,2,55,F,14,23,F.5,13,20,Brownies,Chermy,Chermy,https://overstat.gg/player/1566063.cherm/overview,xSetrakusRa,https://overstat.gg/player/95572.xSetrakusRa/overview,funsizednenax3,https://overstat.gg/player/1031526.funsizednenax3/overview,"1 of us did, 2 did not",2,Platinum,All PC,Monday,,,,,,,,,,,,,,Soda & BabyBustdown =,https://overstat.gg/player/775129.AngryS0da/overview https://overstat.gg/player/807701.BaByBuStD0wn_/overview,Subbing for Chermy & Setra
9/24/2025 18:02:30,5.5,,E/F,16,14,F.5,20,12,G,8,41,F.5,1,91,Yams in Paris,"Hova, goddamnironman",Hova,https://overstat.gg/player/753391/overview,goddamnironman,https://overstat.gg/player/969984.goddamnironman/overview,Coveted Yams,https://overstat.gg/player/2237719/overview,"Yes, all 3 did",5,Diamond,All PC,No Scheduling Issues,(‚ïØ¬∞‚ñ°¬∞)‚ïØÔ∏µ ‚îª‚îÅ‚îª,Sarebear,https://overstat.gg/player/719292.SarebearFive/overview,Subbing for Hova Placement Day 1,‚Äî‚Äî‚Äî>,,,,,,,,,,,
,7,,G,8,38,,,,,,,F.5,2,88,Powerpuff Girls,Sydney,Sydney,https://overstat.gg/player/1744406/overview,itsDolonia,https://overstat.gg/player/5015896/overview,Sleepy,https://overstat.gg/player/2887521/overview,None of  played in the VESA Apex League Season 11,2,Diamond,All PC,No Scheduling Issues,Sydney possibly subbed for a team in vesa league in season 11 but is unsure. ,,,,,,,,,,,,,,,
10/1/2025 19:23:27,5.5,,E/F,12,26,E.5,15,25,F,13,24,F.5,3,60,Gravity,Viridae,Viridae,https://overstat.gg/player/753167/overview,Cono,https://overstat.gg/player/753166/overview,Revy2Hands,https://overstat.gg/player/1307495/overview,"1 of us did, 2 did not",5,Platinum,All PC,No Scheduling Issues,"Cono will miss extensive days due to his job, not sure if its needed, but we want to make Jackiedees our official sub",,,,,,,,,,,,,Cono,https://overstat.gg/player/1120537/overview,subbing for hyland
9/30/2025 15:30:23,5.5,,E/F,15,19,F.5,8,30,G,2,58,F.5,5,50,For The Boys,SliceofJAO,SliceofJAO,https://overstat.gg/player/2531966.FTB%20%7C%20SliceofJAO/overview,Steph,https://overstat.gg/player/2541775.FTB%20%7C%20steph/overview,Hunkulesss,https://overstat.gg/player/2541774.FTB%20%7C%20Hunkulesss/overview,"Yes, all 3 did",5,Diamond,All PC,Thursday,,,,,,NaskonSomn =,https://overstat.gg/player/2875978.FTB%20%7C%20NaskOnSomn/overview,Subbing for Steph,,,,,,,,
9/26/2025 19:27:14,7,,G,4,58,F.5,9,30,F,16,18,F.5,6,38,FALN Esports,cwelk ,cwelk,https://overstat.gg/player/753179.Miriahkay19/overview,ftf_johnny ,https://overstat.gg/player/307553.FALN%20%7C%20JohnnyK/overview,stats ,https://overstat.gg/player/1585402.FALN%20%7C%20Stats/overview,"Yes, all 3 did",5,Diamond,All PC,No Scheduling Issues,,Derp,https://overstat.gg/player/146714.derpasurarex/overview,Subbing in for Cwelk Placement Day 1,‚Äî‚Äî‚Äî>,,,subbing for Stats,‚Äî‚Äî‚Äî>,,,Subbing for cwelk,,Brandon =,https://overstat.gg/player/2779959.Brandon/overview,Subbing for Stats
9/29/2025 9:17:28,5.5,,E/F,7,38,E.5,17,17,F,12,30,F.5,7,29,TGUN,TGUN_Turtle,TGUN_Trivial,https://overstat.gg/player/3030175.TGUN_Trivial/overview,TGUN_Turtle ,https://overstat.gg/player/3030174.TGUN_Turtle/overview,Coopgam3s,https://overstat.gg/player/1216385.TGUN_Boop/overview,"2 of us did, 1 did not",3,Diamond,"Some PC, some console",No Scheduling Issues,,MDevino,https://overstat.gg/player/176051.MDeVivo/overview,Subbing for Jager for a game or two Placement Day 1,‚Äî‚Äî> ,,,,,,,,,,,
9/24/2025 18:49:49,7,,G,2,62,F.5,17,18,G,3,55,F.5,9,27,Purple Cobras,Kbert,Kbert,https://overstat.gg/player/1979107.Kbertabifida/overview,Doormatt,https://overstat.gg/player/21906.Doormatt/overview,Peez,https://overstat.gg/player/95585.PeezleJuice/overview,"2 of us did, 1 did not",3,Platinum,All PC,No Scheduling Issues,Slim_Thor will be our listed sub for now,Slim Thor,https://overstat.gg/player/1920398.Slim_Thor/overview,Subbing for Doormat Placement Day1 ,,,,,,,,,,,,
10/2/2025 0:23:23,7,,G,10,30,F.5,4,48,F,7,37,F.5,15,19,Loser Gang,MyrtleSquirtle ,Just_nik_,https://overstat.gg/player/2511375.MyrtleSquirtle/overview,Beckabtw,https://overstat.gg/player/1766184.Becka/overview,A_mf_princess,https://overstat.gg/player/1720731.A_MF_Queen/overview,"Yes, all 3 did",4,Diamond,All PC,No Scheduling Issues,,,,,,,,,,,,,,,,
9/24/2025 18:06:20,7,,G,18,14,,,,G,7,47,F.5,4,52,Pekotitlan ,keko29ftw,keko29ftw,https://overstat.gg/player/4381145.Keko75FTW/matches,Nilak52,https://overstat.gg/player/4381146.Nilak/overview,Almanymede,https://overstat.gg/player/588139.Almanymede/overview,"Yes, all 3 did",3,Platinum,"Some PC, some console",No Scheduling Issues,,,,,,,,,,,,,,,,
,,,,,,,,,,,,,,,Lobby 7(Line 128),,,,,,,,,,,,,,,,,,,,,,,,,,,,
9/24/2025 18:36:55,5.5,,E/F,17,14,F.5,19,13,G,17,17,F.5,10,25,Delirium,Elyruis,Elyruis,https://overstat.gg/player/52901.Elyruis/overview,tthomas ,https://overstat.gg/player/52899.IDKTThomas/overview,Red_husky,https://overstat.gg/player/57451/overview,"1 of us did, 2 did not",4,Diamond,"Some PC, some console",Mondays,,,,,,,,,,,,,,,,
9/28/2025 19:31:25,5.5,,E/F,7,35,E.5,18,15,F,19,7,F.5,8,28,Feint,faust74,faust74,https://overstat.gg/player/968884.faust_aka_furux/overview,TRENZHART,https://overstat.gg/player/817286.Trenzhart/overview,negativerush,https://overstat.gg/player/2014152.negativerush/overview,"1 of us did, 2 did not",5,Diamond,All PC,No Scheduling Issues,,,,,,,,,,,,,,,,
9/28/2025 7:05:37,7,,G,17,16,,,,G,1,61,F.5,11,22,Crashing Out,muchmixture9 and Hobojo ,muchmixture9,https://overstat.gg/player/925826.Muchmixture9/overview,Hobojo ,https://overstat.gg/player/1835064/overview,Shape Generator ,https://overstat.gg/player/1835064/overview,"Yes, all 3 did",3,Platinum,All PC,No Scheduling Issues,,,,,,,,,,,,,,,,
9/29/2025 21:24:11,7,,G,6,47,F.5,10,28,G,9,38,F.5,12,22,Geriatric Reflexes,Enderphor,Enderphor,https://overstat.gg/player/2299736.Enderphor/overview,EagleUSA,https://overstat.gg/player/2299737.EagleUSA/overview,Sithopher,https://overstat.gg/player/2299738.Sithopher/overview,"Yes, all 3 did",4,Platinum,All PC,No Scheduling Issues,,,,,,,,,,BirdKing = / -,https://overstat.gg/player/2416201.GTheBirdKing/overview,Subbing for Sith,‚Äî‚Äî>,,,
9/29/2025 22:22:24,7,,G,9,35,F.5,6,39,F,15,23,F.5,14,20,Spawned,".stoof_ , tyreheat",.stoof_,https://overstat.gg/player/4987465/overview,tyreheat,https://overstat.gg/player/4450086/overview,theonewithnobullets,https://overstat.gg/player/4450087/overview,None of  played in the VESA Apex League Season 11,3,Diamond,All PC,Wednesday,,,,,,,,,,,,,,Nythros = / +,https://overstat.gg/player/4450085.Nythros/overview,Subbing for TyreHeat
10/3/2025 23:16:35,6-7,,E/F,20,7,F.5,15,21,F,18,10,F.5,16,17,Chill guys,HoodieAnimal ,HoodieAnimal ,https://overstat.gg/player/61591.HoodieAnimal/overview,Gato ,https://overstat.gg/player/4084466.BABYJOKWR/overview,Kylyn ,https://overstat.gg/player/4949791.CSG-HOIIOW/overview,None of  played in the VESA Apex League Season 11,4,Diamond,"Some PC, some console",No Scheduling Issues,We ready try it out ,,,,,,,,,,,,,,,
9/30/2025 17:57:33,5.5,,E/F,15,20,F.5,16,20,G,10,31,F.5,17,16,MOTL CONSOLE ,Ducky7003,Ducky7003,https://overstat.gg/player/40841.MOTL%20DduckyG/overview,Ibelfourl20l ,https://overstat.gg/player/921718.l%20Belfour%20l20l/overview,Plaiqu,don‚Äôt have one ,"2 of us did, 1 did not",3,Platinum,All console,Wednesday,cant wednesday,,,,,chlls = / + & AJ + ,ranked stats gold player / https://overstat.gg/player/1393540.Lame%20A%20Train/overview,Subbing for belfour & Plaiqu,,,,,,Texastrash,https://overstat.gg/player/753403.TexasTrash9/overview,subbing for belfor
9/29/2025 1:59:14,7,,G,7,42,F.5,12,27,G,5,49,F.5,18,13,Moirai Esports,littlehj555,littlehj555,https://overstat.gg/player/3379352/overview,sirnaughty1,https://overstat.gg/player/255511.SirNaughty1/overview,queen__nessie,https://overstat.gg/player/2843782.Queen_Nessie/overview,"1 of us did, 2 did not",4,Diamond,"Some PC, some console",No Scheduling Issues,Can't play Wednesdays during regular season,,,,,,,,,,,,,,,
10/4/2025 10:38:25,5.5,,E/F,11,27,E.5,20,5,F,17,17,F.5,19,11,Beaver Blasters,tzunomi,Jsmoove90,N/A,remydees,https://overstat.gg/player/2087235.OE_remydees/overview,Tzunomi,N/A,"1 of us did, 2 did not",4,Diamond,All PC,No Scheduling Issues,,,,,,,,,,,,,,,,
9/30/2025 13:53:10,7,,G,14,18,,,,G,4,54,F.5,20,9,Turbo Shandy,WhySoSweaty,WhySoSweaty,https://overstat.gg/player/1383023.WhySoSweatyy/overview,splitbomb,https://overstat.gg/player/1383012.SPLITBOMB33V2/overview,JRob,https://overstat.gg/player/2000349.JRobx/overview,"Yes, all 3 did",2,Platinum,All PC,No Scheduling Issues,,,,,,,,,,,,,,,,
9/24/2025 18:21:49,7,,G,11,23,F.5,13,25,G,6,48,,,,Strike X,@itsnick27,@itsnick27,https://overstat.gg/player/163326.sX_ItsNick/overview,Anbadam10,https://overstat.gg/player/163042.sX%20Adam1003/overview,Chillz,https://overstat.gg/player/4557604.Chillzz-v4/overview,"2 of us did, 1 did not",3,Diamond,All console,No Scheduling Issues,,,,,,,,,,,,,,sav_chargerifeog,https://overstat.gg/player/335638.RG_CPTMurph24/overview,subbing for nick
10/2/2025 1:05:43,5.5,,E/F,18,12,F.5,7,32,G,15,17,,,,The Backyard,ehayes121,ehayes121,https://overstat.gg/player/1621028.ehayes121/overview,MoistKnight,https://overstat.gg/player/1621027.MoistKnight2443/overview,bsteph.,https://overstat.gg/player/2142410.Bsteph13/overview,"Yes, all 3 did",5,Gold,All console,No Scheduling Issues,,,,,,,,,,TheKidVolg =,https://overstat.gg/player/3137635.TheKidVolg/overview,Subbing for MoistKnight,‚Äî‚Äî‚Äî->,,,
10/1/2025 17:44:01,7,,G,16,18,,,,G,11,29,,,,The Misfits,Er4ticate13,er4ticate13,https://overstat.gg/player/3380059.eR4Ticate13/overview,A_Fox_With_Sox,https://overstat.gg/player/3380058.A_Fox_With_Sox/overview,Lonewolf4114,https://overstat.gg/player/4170338.lonewolf4114/overview,"Yes, all 3 did",4,Platinum,All console,No Scheduling Issues,,,,,,,,,,Fading Metal =,https://overstat.gg/player/3380057.FadingMetal63/overview,Subbing for Eradicate,,,,
9/28/2025 22:21:59,5.5,,E/F,18,10,F.5,18,17,G,12,27,,,,THR333 AMIGOS,X_howdie_,X_howdie_X,https://overstat.gg/player/519448.x_howdie_x/overview,snowyday,https://overstat.gg/player/47783.snowyday/overview,luke304,https://overstat.gg/player/3891696/overview,"2 of us did, 1 did not",3,Platinum,All PC,No Scheduling Issues,,,,,,,,,,,,,,,,
9/30/2025 13:54:11,7,,G,15,18,,,,G,13,26,,,,Karasuno ,sonnyd,Sonnyd,https://overstat.gg/player/2301386.@SonnyD_/overview,Mannyfng,https://overstat.gg/player/2301384.MannyFnG/overview,ygphiend,https://overstat.gg/player/2301385/overview,None of  played in the VESA Apex League Season 11,3,Diamond,All PC,Monday,,RiskWrld,https://overstat.gg/player/2379808/overview,Subbing for YGHiend Placement Day 1,,,,,,,,,,,,
10/1/2025 12:08:34,7,,G,19,12,,,,G,14,26,,,,The BooBees,LovePhenomenon,StonyBologna,https://overstat.gg/player/770276.StonyBolognaa%20%7C%20Twitch/overview,KitKatt52,https://overstat.gg/player/291514.kit_katt52/overview,LilMissGallop,https://overstat.gg/player/3150503.LilMissGallop/overview,None of  played in the VESA Apex League Season 11,5,Platinum,"Some PC, some console",No Scheduling Issues,"We have a dedicated sub, it is Lurchette & her overstat is https://overstat.gg/player/1318.Lurchie/overview ",Love & Lurchette,https://overstat.gg/player/49016.LovePhenomenon/overview    https://overstat.gg/player/1318.Lurchie/overview,Subbing Placement Days 1 & 2,,,,,,Lurchette = / -,https://overstat.gg/player/1318.Lurchie/overview,Subbing for KitKat,,,,
9/30/2025 0:07:34,7,,G,20,9,,,,G,16,17,,,,GOM Squad ,Phuzzapa,Phuzzapa,Do not have ,Flanksteak,Do not have ,RageKage,RageKage,None of  played in the VESA Apex League Season 11,1,Gold,"Some PC, some console",No Scheduling Issues,We‚Äôre stoked for the season! ,,,,,,,,,ArticWolf,Bronze Ranked ,Subbing for Flank,,,,
10/2/2025 22:42:10,5.5,,E/F,19,5,F.5,11,27,G,18,10,,,,High Tide Ladies,keosha,keosha,https://overstat.gg/player/129014.HTL%20Keosha/overview,Krit,https://discord.com/channels/@me/1394881913059278888/1420537861584851025,Swifit,https://overstat.gg/player/9284.SwiftieC/overview,"Yes, all 3 did",3,Platinum,All PC,"Wednesday, Thursday",,,,,,,,,,,,,,,,
9/24/2025 17:56:14,7,,G,13,22,,,,G,19,10,,,,SCHIZOMANIACZ,twilitezz,twilitezz,https://overstat.gg/player/3912458/overview,sheppyk9,https://overstat.gg/player/816993/overview,afrobangalore,https://overstat.gg/player/4274264/overview,"1 of us did, 2 did not",3,Platinum,"Some PC, some console",No Scheduling Issues,,,,,,,,,,,,,,,,
9/28/2025 0:39:27,7,,G,12,22,,,,G,20,7,,,,Apexolotls,Greywaren99,Jubella,Overstat.GG https://share.google/FZ3NzAsStv9LTRuNs,Texastrash9,Overstat.GG https://share.google/J8RMuGwxAhQCR5zWJ,Greywaren99,Overstat.GG https://share.google/3lsE6ZWdH8ZS9hAkf,"2 of us did, 1 did not",4,Diamond,All console,No Scheduling Issues,,Stratoc ,Ranked Stats ,Subbing for Texas Trash Placement Day 1,,,,,,Stratoc ?,https://overstat.gg/player/5070824.StratocLP/overview,Subbing for Jubella,,,,
,,,,,,,,,,,,,,,Waitlist (Line 149),,,,,,,,,,,,,,,,,,,,,,,,,,,,
,1,,,,,,,,A,2,54,,,,Running Late,Double0Negative,,,,,,,,,,,,,,,,,,,,,,,,,,,
9/24/2025 17:53:37,5-6,,G,1,68,F.5,,,No show,,,E.5,11,33,RH Esports,deathwolf4444444,deathwolf4444444,https://overstat.gg/player/264838.L0D%20Death%20Wulf/overview,thejet02,https://overstat.gg/player/3056722.JetWatt/matches/,big_nate54,https://overstat.gg/player/3455718.nathanbradley54/overview,"1 of us did, 2 did not",3,Diamond,"Some PC, some console",No Scheduling Issues,,,,,,,,,,,,,,,,
9/28/2025 0:55:16,2-3,,N/A,,,,,,B,13,23,,,,Mavericks,Leadoffplague,Leadoffplague,https://overstat.gg/player/480898.Leadoffplague/overview,Z,https://overstat.gg/player/4545567.iamZalzar/overview,2318etaksyffihw,https://overstat.gg/player/3784460.WhiffySkate%20%7C%20From%20Home%20Depot%20%7C/overview,None of  played in the VESA Apex League Season 11,4,Diamond,All PC,"Monday, Wednesday, Thursday",,,,,,,,,,,,,,,,
10/3/2025 20:42:23,2,,B,7,46,,,,B,9,31,,,,BERZERKER,.pannda,.pannda,https://overstat.gg/player/1902485.HIKARI%20@Pann9a/matches,.cleos,https://overstat.gg/player/4170311/overview,stxvnie,https://overstat.gg/player/129013/overview,None of  played in the VESA Apex League Season 11,4,Masters,All PC,No Scheduling Issues,,,,,,,,,,,,,,,,
10/3/2025 22:03:15,1,,A,1,91,,,,,,,,,,Man or Mouse,ttsugi,mcdonaldsworker8,https://overstat.gg/player/1352418/overview,Culltures,https://overstat.gg/player/1780192/overview,Ttsugi,https://overstat.gg/player/2091007/overview,None of  played in the VESA Apex League Season 11,5,Diamond,All PC,No Scheduling Issues,,,,,,,,,,,,,,,,
10/4/2025 2:04:46,1,,N/A,,,,,,,,,,,,Genesis,bearxo,bearxo,https://overstat.gg/player/217088.BearXO/overview,nrp,https://overstat.gg/player/45857/overview,XXXLBaymax,https://overstat.gg/player/3624128.xxxlbaymax/overview,None of  played in the VESA Apex League Season 11,5,Masters,All PC,Monday,,,,,,,,,,,,,,,,
,4,,N/A,,,,,,C,19,11,,,,ACU Esports,tdobzz,tdobzz,https://overstat.gg/player/194373.ADPT%20Tdobzz/overview,alexinithegenie ,https://overstat.gg/player/2843798/overview ,micahiscooyt,https://overstat.gg/player/3957091/overview,"1 of us did, 2 did not",2,Platinum,All PC,No Scheduling Issues,,,,Dropped after Placement day 1,,,,,,,,,,,,
,3,,N/A,,,C.5,3,60,,,,,,,IggyBiggies,catnamedtiger,Tiger,https://overstat.gg/player/2947985.%E8%99%8ETiger/overview,Meme,https://overstat.gg/player/4088039.Meme/overview,Requiem,https://overstat.gg/player/4328935.nVRequiem/overview,None of  played in the VESA Apex League Season 11,4,Diamond,All PC,No Scheduling Issues,"Requiem is having some issues with Internet and living situation, he is expected to get back into his place on Friday next week, so we will likely need to have a sub (we have one in place) for the first week",,,,,Xerpents = / -,ranked stats plat player 1.07 K/D,Subbing for Envy,,,,,,,,
,2,,N/A,,,B.5,2,79,,,,,,,Last Chance,OvP Diablo,OvP Diablo,https://overstat.gg/player/2707717.OvP%20Diablo/overview,Shxde,https://overstat.gg/player/144170.shxde/overview,Cxedt,https://overstat.gg/player/1799002.cxedt/overview,None of  played in the VESA Apex League Season 11,5,Masters,"Some PC, some console",No Scheduling Issues,,,,,,,,,,,,,,,,
,7,,N/A,,,,,,,,,,,,ABGs,itssolotm,itssolotm,https://overstat.gg/player/5066848.ItsSolo/overview,flezfv,https://overstat.gg/player/5066847.flezrr/overview,teztie,doesnt have one yet,None of  played in the VESA Apex League Season 11,2,Diamond,All PC,No Scheduling Issues,,,,,,,,,,,,,,,,
10/3/2025 19:18:41,6-7,,N/A,,,,,,,,,,,,Around The World,@deton8r_ (or nate),@deton8r_ (or nate),https://overstat.gg/player/3857089/overview,@amaadam,https://overstat.gg/player/4648038/overview,@vibinwithjayy,https://overstat.gg/player/57253/overview,None of  played in the VESA Apex League Season 11,2,Diamond,"Some PC, some console","Monday, Thursday","Adam is from AUS and works during the day so he isn't available till midnight EST most days during the week. He can ""technically"" play during his work since he works remote, but he would prefer not to. Basically Tuesdays and Wednesdays he is available by 7pm EST so Wednesdays work best for us, but we don't mind having to play the other days.",,,,,,,,,,,,,,,
9/28/2025 20:21:18,,,,,,C.5,,,,,,,,,,,,,,,,,,,,,,,,,,,,,,,,,,,,,
,,,,,,,,,,,,,,,,,,,,,,,,,,,,,,,,,,,,,,,,,,,
,,,,,,,,,,,,,,,,,,,,,,,,,,,,,,,,,,,,,,,,,,,
10/2/2025 16:38:22,2,,N/A,,,A.5,6,46,N/A,,,A.5,19,13,Nightmare Collective,"Kahz√Øne, LostHope, Froze",Kahz√Øne ,https://overstat.gg/player/588138.MOTL%20Kahzine/overview,LostHope,https://overstat.gg/player/1400813.LFT-LostHope/teams,Rekra,https://overstat.gg/player/629522.rRekra/overview,"1 of us did, 2 did not",5,Masters,All PC,Monday,,Voidy,https://overstat.gg/player/4211373.NC%20Voidy/overview,Subbing in for LostHope Placement Day 1,,Voidy or +,https://overstat.gg/player/4211373/overview,Subbing for LostHope,,Zaytonaa,https://overstat.gg/player/41419.Sexton%20Shuffle/overview,subbing for lost,,,,
9/26/2025 15:00:53,,,N/A,,,,,,,,,,,,Noble Esports,matt_moose,matt_moose,https://overstat.gg/player/18556.Matthew_Moose/overview,.trtle,https://overstat.gg/player/18554.Trtle/overview,joaqie,https://overstat.gg/player/1486385.joaqie/overview,None of  played in the VESA Apex League Season 11,5,Diamond,All PC,Wednesday,We can‚Äôt make Wednesday placement days but should be good to play the entire season once in div 1 :) please let us in we will behave and not talk too much trash,,,Dussy Banned - Replaced,,,,,,,,,,,,
9/29/2025 23:46:04,5.5,,N/A,,,,,,,,,,,,Daddys LiL egirls,Meow4_Me_,Meow4_Me_,dont have one,uwutraplord,dont have one,djtwarrior,https://overstat.gg/player/781300.DJTWARRIOR/overview,None of  played in the VESA Apex League Season 11,2,Diamond,All PC,Thursday,two of us are new ,,,Dropped out before placement day announcement,,,,,,,,,,,,
9/27/2025 20:28:48,1,,N/A,,,,,,,,,,,,Titan Holo,k.ne,kane.,https://overstat.gg/player/18758.kane./overview,SpillSauce,https://overstat.gg/player/1645221.spillsauce/overview,mvrchmadness,https://overstat.gg/player/1543192.Beez/overview,None of  played in the VESA Apex League Season 11,4,Masters,All PC,No Scheduling Issues,,,,,,,,,,,,,,,,
9/25/2025 0:09:00,3.5,,N/A,,,,,,,,,,,,Core 3,Surust,Surust,https://overstat.gg/player/2270429/overview,Noop,https://overstat.gg/player/2357757/overview,gage,https://overstat.gg/player/3804713/overview,None of  played in the VESA Apex League Season 11,5,Masters,All PC,No Scheduling Issues,,,,Surust banned,,,,,,,,,,,,
9/24/2025 18:02:22,5.5,,N/A,,,,,,,,,,,,Emptyy ,viper7x_,viper7x_,https://overstat.gg/player/2729082.@viper7x_/overview,void_sniper16,https://overstat.gg/player/2758590.EMTY-Sniper/overview,vxrtual.xd,https://overstat.gg/player/497112.Vxrtual_xD/overview,None of  played in the VESA Apex League Season 11,5,Diamond,All PC,No Scheduling Issues,,,,Dropped out before placement day announcement,,,,,,,,,,,,
,5.5,,N/A,,,,,,,,,,,,KNT,"DecentGamerGirl, madbamboozles",DecentGamerGirl,https://overstat.gg/player/3820671.twitch.tv%2Fdecentgamergirl/overview,RockIsGaming,https://overstat.gg/player/5814.RFE%20RockIsGaming%20%7C%20Twitch/overview,Magisterial,https://overstat.gg/player/86963.Magisterial/overview,None of  played in the VESA Apex League Season 11,3,Diamond,All PC,No Scheduling Issues,,,,Dropped out before placement day announcement,,,,,,,,,,,,